Акваpиумное электрооборудование;
"Автокормушка ""HAGEN"" Nutramatix электр. д/рыб";3332
"Автокормушка ""JBL"" белая 60616";5926
"Автокормушка ""JUWEL""";2343
"Автокормушка ""Prime"" PR-H-9000";1848
"Голова д/фильтра ""TETRA"" EX 400";2356
"Компрессор ""EHEIM"" 200 200л/ч";4556
"Компрессор ""EHEIM"" 400 400л/ч";4446
"Компрессор ""HAILEA"" ACO-2202";447
"Компрессор ""HAILEA"" ACO-5504 2-канал.";1296
"Компрессор ""HAILEA"" HAP-100 мембранный  100л/мин";14462
"Компрессор ""HAILEA"" HAP-120 мембранный  120л/мин";13727
"Компрессор ""HAILEA"" HAP-80 мембранный 80л/мин";13273
"Компрессор ""HAILEA"" V-20 20л/мин";4948
"Компрессор ""HAILEA"" V-30 30л/мин";5471
"Компрессор ""JBL"" Pro Silent a400 сверхтихий двухкан. 400л/ч 60544";6142
"Компрессор ""JBL"" Pro Silent а100 сверхтихий 100л/ч 60541";2659
"Компрессор ""JBL"" Pro Silent сверхтихий 200л/ч 60542";3958
"Компрессор ""Prime"" 2Вт PR-H-3328";600
"Компрессор ""Prime"" двуханал. 10Вт PR-H-7000";1516
"Компрессор ""Prime"" двуханал. 2.5Вт PR-H-6900";834
"Компрессор ""Shego""  Ideal 150л/ч";2090
"Компрессор ""Shego"" M2K3 350л/ч";4826
"Компрессор ""Shego"" Optimal Deluxe 250л/ч";4746
"Компрессор ""Shego"" WS2 250л/ч";2829
"Компрессор ""Shego"" WS3 350л/ч SCH930";5167
"Компрессор ""TETRATEC"" APS 100";1166
"Компрессор ""TETRATEC"" APS 150";1425
"Компрессор ""TETRATEC"" APS 300 2-канальный";1716
"Компрессор ""TETRATEC"" APS 400 2-канальный";3413
"Компрессор ""Силонг"" AD-2000 двухканал.";3830
"Компрессор ""Силонг"" AP-001 2Вт";216
"Компрессор ""Силонг"" AP-003 двухканал.";433
"Компрессор ""Силонг"" XL-008A";450
"Компрессор ""Силонг"" XL-008B двухканал.";1198
"Компрессор ""Силонг"" XL-008C четырехканал.";1571
"Компрессор ""Силонг"" XL-770 двухканал.";628
"Компрессор ""Тритон"" 1700";456
"Компрессор ""Тритон"" 1701";598
"Компрессор ""Тритон"" 1702 двухканальный";705
"Компрессор ""Тритон"" 1802 двухканальный";579
"Компрессор ""Тритон"" 1902 двухканальный";825
"Компрессор ""Тритон"" ACO-2203";838
"Компрессор ""Тритон"" ACO-2206 4-канал.";2309
"Компрессор ""Тритон"" ACO-6600";431
"Компрессор ""Тритон"" ACO-6601";571
"Компрессор ""Тритон"" ACO-6602";742
"Компрессор ""Тритон"" ACO-9610";2054
"Компрессор ""Тритон"" VB-600А";2633
"Компрессор ""Тритон"" WАСО-2201";438
"Компрессор ""Тритон"" WАСО-5501";455
"Компрессор ""Тритон"" WАСО-9901";456
Компрессор пьезо бесшум. 1.8Вт 18л/ч PR-4104;1300
Компрессор пьезо бесшум. 3.5Вт 24л/ч PR-4113;2275
"Контроллер ""DENNERLE"" Profi-Line подачи СО2 3092";16272
"Лампа ""DENNERLE"" Trocal T8 Amazon Day 58Вт 150см 1337";2003
"Лампа ""DENNERLE"" Trocal T8 Super Color Plus 58Вт 150см 1347";1948
"Лампа ""FERPLAST"" Aquacoral 54W 115см T5";1662
"Лампа ""FERPLAST"" Aquasky 39W 89см T5";1452
"Лампа ""HAGEN"" Aqua-Glo 14W 361мм";731
"Лампа ""HAGEN"" Aqua-Glo 15Вт 437см А-11787";746
"Лампа ""HAGEN"" Aqua-Glo 20W 58.98см А-11788";883
"Лампа ""HAGEN"" Aqua-Glo 25W 760мм А-11789";1156
"Лампа ""HAGEN"" Aqua-Glo 30W 895мм А-11790";1184
"Лампа ""HAGEN"" Aqua-Glo 40Вт 1047мм А-1586";1320
"Лампа ""HAGEN"" Aqua-Glo 8W 288мм Т5 А-1580";934
"Лампа ""HAGEN"" Marine-Glo 24W 550мм А-1672";922
"Лампа ""HAGEN"" Marine-Glo 40W 1047мм А-1606";1879
"Лампа ""HAGEN"" Power-Glo 14Вт 361мм А-1624";1074
"Лампа ""HAGEN"" Power-Glo 15Вт 437мм 13166";1106
"Лампа ""HAGEN"" Power-Glo 20Вт 60см А-1626";1234
"Лампа ""HAGEN"" Power-Glo 25Вт 742мм А-1627";1438
"Лампа ""HAGEN"" Power-Glo 30Вт 896мм А-1628";1451
"Лампа ""HAGEN"" Power-Glo 65W 1500мм T8";1836
"Лампа ""HAGEN"" Sun-Glo 14Вт 361мм А-1589";539
"Лампа ""HAGEN"" Sun-Glo 15Вт 43.74см А-1590";609
"Лампа ""HAGEN"" Sun-Glo 20Вт 58.98см А-1591";617
"Лампа ""HAGEN"" Sun-Glo 25Вт 74.22см А-1592";832
"Лампа ""HAGEN"" Sun-Glo 30Вт 89.5см А-1593";844
"Лампа ""JBL"" Ultra Marin Day 54W 115cм Т5 61693";1627
"Лампа ""JBL"" Ultra Natur 39W 85cм Т5";1484
"Лампа ""JUWEL"" Blue 24Вт 438мм T5";1229
"Лампа ""JUWEL"" Blue 28Вт 590мм T5";1270
"Лампа ""JUWEL"" Blue 35Вт 742мм T5";1590
"Лампа ""JUWEL"" Blue 45Вт 895мм T5";1641
"Лампа ""JUWEL"" Blue 54Вт 1047мм T5";1739
"Лампа ""JUWEL"" Blue 54Вт 1200мм T5";2168
"Лампа ""JUWEL"" Colour 24W 43.8см Т5";1270
"Лампа ""JUWEL"" Colour 28W 59см Т5";1147
"Лампа ""JUWEL"" Colour 35W 74.2см Т5";1641
"Лампа ""JUWEL"" Colour 45W 89.5см Т5";1481
"Лампа ""JUWEL"" Colour 54W 120см T5";2168
"Лампа ""JUWEL"" Day 24W 43.8см Т5";1270
"Лампа ""JUWEL"" Day 28W 58.9см Т5";1147
"Лампа ""JUWEL"" Day 35W 74.2см Т5";1481
"Лампа ""JUWEL"" Day 45W 89.5см Т5";1481
"Лампа ""JUWEL"" Day 54W 104.6см Т5";1739
"Лампа ""JUWEL"" Day 54W 120см Т5";1996
"Лампа ""JUWEL"" Marine 24W 43.8cм Т5";1147
"Лампа ""JUWEL"" Marine 28W 59cм Т5";1147
"Лампа ""JUWEL"" Marine 35W 74.2cм Т5";1641
"Лампа ""JUWEL"" Marine 45W 89.4cм Т5";1590
"Лампа ""JUWEL"" Marine 54W 104.7cм Т5";1880
"Лампа ""JUWEL"" Marine 54W 120cм Т5";2212
"Лампа ""JUWEL"" Nature 24W 43.8cм Т5";1270
"Лампа ""JUWEL"" Nature 28W 58.9cм Т5";1229
"Лампа ""JUWEL"" Nature 35W 74.2cм Т5";1590
"Лампа ""JUWEL"" Nature 45W 89.5cм Т5";1641
"Лампа ""JUWEL"" Nature 54W 104.6cм Т5";1739
"Лампа ""Sylvania"" Activa д/репт. грыз. птиц 58Вт 150см T8";305
"Лампа ""Sylvania"" Aquaclassic 14Вт 36.1см Т8";555
"Лампа ""Sylvania"" Aquaclassic 15Вт 43.8см Т8";462
"Лампа ""Sylvania"" Aquaclassic 25Вт 74.2см Т8";802
"Лампа ""Sylvania"" Aquaclassic 30Вт 89.5см Т8";508
"Лампа ""Sylvania"" Aquastar 14Вт 36.1см Т8";729
"Лампа ""Sylvania"" Aquastar 15Вт 43.8см T8";619
"Лампа ""Sylvania"" Aquastar 24Вт 43.8см T5";1763
"Лампа ""Sylvania"" Aquastar 25Вт 75см T8";970
"Лампа ""Sylvania"" Aquastar 28Вт 59см T5";1837
"Лампа ""Sylvania"" Aquastar 30Вт 90см T8";835
"Лампа ""Sylvania"" Aquastar 35Вт 74.2см T5";1635
"Лампа ""Sylvania"" Aquastar 38Вт 105см T8";1031
"Лампа ""Sylvania"" Aquastar 45Вт 89.5см T5";2057
"Лампа ""Sylvania"" Aquastar 54Вт 114.9см T5";1257
"Лампа ""Sylvania"" Aquastar 54Вт 120см T5";2512
"Лампа ""Sylvania"" Aquastar 58Вт 150см T8";718
"Лампа ""Sylvania"" Coralstar 18Вт 60см T8";1058
"Лампа ""Sylvania"" Coralstar 28Вт 59см T5";1196
"Лампа ""Sylvania"" Coralstar 30Вт 90см T8";1211
"Лампа ""Sylvania"" Coralstar 39Вт 84.9см T5";1195
"Лампа ""Sylvania"" Coralstar 45Вт 89.5см T5";2350
"Лампа ""Sylvania"" Coralstar 54Вт 114.9см T5";1383
"Лампа ""Sylvania"" Coralstar 54Вт 120см T5";1435
"Лампа ""Sylvania"" Daylighstar 15Вт 44см T8";882
"Лампа ""Sylvania"" Daylighstar 18Вт 60см T8";1072
"Лампа ""Sylvania"" Gro 24Вт 43.8см T5";1851
"Лампа ""Sylvania"" Gro 28Вт 59см T5";1021
"Лампа ""Sylvania"" Gro 35Вт 74.2см T5";1905
"Лампа ""Sylvania"" Gro 45Вт 89.5см T5";2065
"Лампа ""Sylvania"" Gro 54Вт 104.7см T5";2262
"Лампа ""Sylvania"" Gro 54Вт 120см T5";2372
"Лампа ""Sylvania"" Gro-lux 14Вт 36.1см T8";735
"Лампа ""Sylvania"" Gro-lux 15Вт 43.8см T8";632
"Лампа ""Sylvania"" Gro-lux 18Вт 59см T8";629
"Лампа ""Sylvania"" Gro-lux 24Вт 54.9см T5";1089
"Лампа ""Sylvania"" Gro-lux 30Вт 89.5см T8";837
"Лампа ""Sylvania"" Gro-lux 36Вт 120см T8";970
"Лампа ""Sylvania"" Gro-lux 38Вт 104.7см T8";1175
"Лампа ""Sylvania"" Gro-lux 39Вт 84.9см T5";1228
"Лампа ""Sylvania"" Gro-lux 54Вт 114.9см T5";1539
"Лампа ""Sylvania"" Gro-lux 58Вт 150см T8";718
"Лампа ""Sylvania"" Marinestar 15000K 24Вт 54.9см T5 SL2725";830
Лампа погружная HL031 10W 47см (зеленая);695
Лампа погружная HL031 28W 122см (зеленая);699
Лампа погружная HL031 36W 122см (белая);377
Лампа погружная HL031 36W 122см (красная);377
Лампа погружная HL031 9W 36см (зеленая);695
Лампа подводная 25Вт 70.3см (зеленая);496
Лампа подводная 40Вт 115.3см (белая);683
Лампа подводная 40Вт 115.3см (зеленая);683
Лампа у/ф UV-20Вт;2794
Лампа у/ф UV-39Вт RU-100327;4330
"Набор ""FERPLAST"" д/подкл. внутр. фильтра 67635099";5849
"Нагреватель ""EHEIM"" 200Вт";3156
"Нагреватель ""EHEIM"" 300Вт";3156
"Нагреватель ""JUWEL"" 200Вт";2563
"Нагреватель ""JUWEL"" 300Вт";2699
"Нагреватель ""Tecatlantis"" 200W 01348";1464
"Нагреватель ""TETRATEC"" НТ150 150Вт 150-225л";1503
"Нагреватель ""TETRATEC"" НТ200 200Вт 225-300л";1503
"Нагреватель ""Силонг""  AT-700-25 стекл. 25Вт";298
"Нагреватель ""Силонг"" AT-700-100 стекл. 100Вт";335
"Нагреватель ""Силонг"" XL-404 пласт. 100Вт";552
"Нагреватель ""Силонг"" XL-404 пласт. 200Вт";622
"Нагреватель ""Силонг"" XL-404 пласт. 300Вт";649
"Нагреватель ""Силонг"" XL-404 пласт. 50Вт";547
"Нагреватель ""Силонг"" XL-999 метал. 100Вт";619
"Нагреватель ""Силонг"" XL-999 метал. 200Вт";618
"Нагреватель ""Силонг"" XL-999 метал. 300Вт";594
"Нагреватель ""Силонг"" XL-999 метал. 400Вт";615
"Нагреватель ""Силонг"" XL-999 метал. 500Вт";636
"Нагреватель ""Силонг"" XL-999 метал. 50Вт";619
"Нагреватель ""Тритон"" 250Вт";640
"Нагреватель ""Тритон"" 300Вт";640
"Насос ""EHEIM"" Aquaball 210-650л/ч";2040
"Насос ""HAILEA"" НХ-1000 200л/ч";542
"Насос ""HAILEA"" НХ-1500 400л/ч";569
"Насос ""HAILEA"" НХ-6510 480л/ч";1767
"Насос ""HAILEA"" НХ-6520 1000л/ч";2584
"Насос ""HAILEA"" НХ-6530 1750л/ч";3164
"Насос ""HAILEA"" НХ-800 285л/ч";445
"Насос ""HYDOR"" Hydea K10 170л/ч";1094
"Насос ""HYDOR"" Hydea K20 450л/ч 5W 40-90л";1094
"Насос ""HYDOR"" Hydea K30 600л/ч 6W 80-150л";1226
"Насос ""HYDOR"" Hydea R10 800л/ч 10W 120-200л";1630
"Насос ""HYDOR"" Hydea R20 900л/ч 11W >200л";1790
"Насос ""HYDOR"" термо Ekip 200 350л/ч 20-60л";1361
"Насос ""HYDOR"" термо Ekip 300 480л/ч 60-120л";1540
"Насос ""JUWEL"" 100л 280л/ч";1242
"Насос ""JUWEL"" Eccoflow 1500";5558
"Насос ""JUWEL"" Eccoflow 300";1933
"Насос ""JUWEL"" Eccoflow 500";3210
"Насос ""JVP-101A"" вибрационный 3000л/ч";732
"Насос ""JVP-102A"" вибрационный 5000л/ч";1032
"Насос ""RENA"" Flow 400 BF 370л/ч 80-200л";1260
"Насос ""RENA"" Flow 600 BF 580л/ч 120-250л";1536
"Насос ""RENA"" Flow 600 PH 580л/ч 120-250л";1847
"Насос ""SUNSUN"" HJ-921 (950л/ч)";747
"Насос ""Tecatlantis"" EasyFlux 600 650л/ч 50см 01343";989
"Насос ""Tecatlantis"" EasyFlux 900 810л/ч 70см 01344";1063
"Насос ""Силонг"" 12Вт 800л/ч XL-130";615
"Насос ""Силонг"" 15Вт 880л/ч XL-131";771
"Насос ""Силонг"" 25Вт 1800л/ч XL-280";750
"Насос ""Силонг"" фонтан. 18Вт 830л/ч XL-880";825
"Насос ""Силонг"" фонтан. 3Вт 300л/ч XL-580";342
"Насос ""Силонг"" фонтан. 5Вт 450л/ч XL-680";376
"Насос ""Силонг"" фонтан. 5Вт 600л/ч XL-3310";548
"Насос ""Силонг"" фонтан. 8Вт 650л/ч XL-780";519
Насос HQJ-500S 300л/ч;679
Насос HQJ-700;645
"Ось керамическая ""TETRA"" EX 1200";426
"Подсветка д/аквариума ""Aqva"" (л.люм.) 50л";3083
"Подсветка д/аквариума ""Aqva"" (л.люм.) 80л";3434
"Подсветка д/аквариума ""Aqva"" (л.нак.) 17л";1057
"Подсветка д/аквариума ""Aqva"" (л.нак.) 22л";1145
"Подсветка д/аквариума ""Aqva"" (л.нак.) 33л";1286
"Подсветка д/аквариума ""JUWEL"" Lido 120 Т5 60см 2*24Вт с лампами";10025
"Подсветка д/аквариума ""JUWEL"" Rio 125 Т5 80см 2*28W с лампами";10174
"Подсветка д/аквариума ""JUWEL"" Rio 180, Trigon 350 T5 100см 2*45W с лампами";12065
"Подсветка д/аквариума ""JUWEL"" Rio 400, Vision 450 T5 150см 2*54W с лампами";15639
"Подсветка д/аквариума ""JUWEL"" Vision 180 с лампами T5 2*35W 92см";11630
"Подсветка д/аквариума ""Wromak"" 180л profil бук (100х40)";5484
Подсветка д/аквариума пласт. 60л (лампа люм.) К-Ур;2797
"Подсветка д/аквариума полусферы ""Aqva"" (л.люм.) 60л";4138
"Подсветка д/аквариума полусферы ""Aqva"" (л.нак.) 25л";1005
"Подсветка д/аквариума полусферы ""Aqva"" (л.нак.) 30л";1356
"Подсветка д/аквариума полусферы ""Aqva"" (л.нак.) 39л";1356
"Подсветка д/аквариума полусферы ""Aqva"" (л.нак.) 49л";1358
"Подсветка д/аквариума полусферы ""Aqva"" (л.нак.) 51л";1646
"Реактор CO2 ""RED SEA"" турбо 500 40-500л R51043";2319
"Светильник ""JUWEL"" Record 60/70 1*15Вт 60*30см белый 31064";4712
Светильник 2*24Вт T5 85см;4257
Светильник 2*54Вт T5 150см;5912
"Светильник навесной ""Силонг"" Mini Aquarium Light серебр. 11Вт XL-11W-s";689
"Светильник навесной ""Силонг"" Mini Aquarium Light серебр. 7Вт XL-7W-s";623
"Светильник навесной ""Силонг"" Mini Aquarium Light синий 11Вт XL-11W-blue";689
"Светильник навесной ""Силонг"" Mini Aquarium Light синий 13Вт XL-13W-blue";821
"Светильник навесной ""Силонг"" Mini Aquarium Light синий 7Вт XL-7W-blue";623
"Светильник навесной ""Силонг"" Mini Aquarium Light черный 5Вт XL-5W-b";550
"Светильник навесной ""Силонг"" светодиодн. 4Вт XL-48LED";1085
"Светильник подводный ""Project"" 20Вт 12В электрошнур 10м";2561
"Светильник подводный ""Project"" 20Вт 12В электрошнур 3м";1974
Стерилизатор V2 Vecton 300;8159
Стерилизатор УФ 39Вт RU-100322;11039
"Таймер ""Praktik"" механ. суточный с принуд. вкл. RV-669889";914
"Таймер ""Praktik"" цифровой RV-25300103";1517
"Таймер ""REV"" механич. с принуд. вкл. RV-25010109 (RV-25010166)";469
"Таймер ""REV"" цифровой RV-25100109";1246
"Термометр электрон. ""JUWEL"" 85702";940
"Фильтр ""EHEIM"" Classic внешний 350л 620л/ч";15779
"Фильтр ""EHEIM"" Classic внешний 600л 1000 л/ч";20968
"Фильтр ""HAGEN""  K20 small 5W 40-90л";1047
"Фильтр ""HAGEN""  K30 medium 6W 80-150л";1194
"Фильтр ""HAILEA"" Beaut 1000";1473
"Фильтр ""HAILEA"" Beaut 700";1033
"Фильтр ""HAILEA"" НХ-5000  2000л/ч";1781
"Фильтр ""JBL"" Cristal Profi i100 greenline внутр. угловой 60973";7335
"Фильтр ""JBL"" Cristal Profi i200 greenline внутр. угловой 60974";9057
"Фильтр ""JBL"" Cristal Profi i80 greenline внутр. угловой 60972";5839
"Фильтр ""JBL"" e1501 внешний 200-700л 1500л/ч 6021200";19330
"Фильтр ""JBL"" e401 внешний 40-120л 450л/ч 60200";9517
"Фильтр ""JBL"" e701 внешний 60-200л 700л/ч 6021000";13608
"Фильтр ""JBL"" e901 внешний 90-300л 900л/ч 6021100";12639
"Фильтр ""JUWEL"" Bioflow внутренний 8.0 1000л/ч 87070";14777
"Фильтр ""RENA"" 150л/ч 50л";829
"Фильтр ""RIO 800F"" 800л/ч 400800";1263
"Фильтр ""SUNSUN""  HJ-511 400л/ч";561
"Фильтр ""SUNSUN""  HJ-611B 450л/ч";701
"Фильтр ""SUNSUN""  HJ-711 600л/ч";945
"Фильтр ""SUNSUN"" JP-042F 350л/ч";561
"Фильтр ""SUNSUN"" JP-043F 600л/ч";610
"Фильтр ""SUNSUN"" JP-044F 800л/ч";753
"Фильтр ""TETRATEC"" EX1200 Plus 500л внешний";12251
"Фильтр ""TETRATEC"" EX600 Plus 60-120л внешний";7749
"Фильтр ""TETRATEC"" EX800 Plus 100-250л внешний";9002
"Фильтр ""TUNZE"" угол. осадоч. 0.5мкм д/станции обратн. осмоса 8550.100";595
"Фильтр ""TUNZE"" угол. осадоч. 5мкм д/станции обратн. осмоса 8550.120";548
"Фильтр ""Силонг"" внутр. XL-F130 8Вт 800л/ч";744
"Фильтр ""Силонг"" внутр. XL-F131 15Вт 1200л/ч";752
"Фильтр ""Силонг"" внутр. XL-F180 25Вт 1200л/ч";797
"Фильтр ""Силонг"" внутр. XL-F555A 10.8Вт 650л/ч";778
"Фильтр ""Силонг"" внутр. XL-F555B 15Вт 850л/ч";887
"Фильтр ""Силонг"" внутр. XL-F780 8Вт 650л/ч";683
"Фильтр ""СИЛОНГ"" рюкзачный. XL-830 3Вт 300л/ч";895
"Фильтр ""СИЛОНГ"" рюкзачный. XL-850 3.5Вт 280л/ч";525
"Фильтр ""СИЛОНГ"" рюкзачный. XL-960 8Вт 650л/ч";1008
"Фильтр ""Тритон"" F-700 700л/ч";623
"Фильтр ""Тритон"" F-921 950л/ч";714
"Фильтр ""Тритон"" FT-1122 1400л/ч";1292
"Фильтр ""Тритон"" FT-700i 400л/ч";810
"Фильтр ""Тритон"" FT-922 950л/ч";975
"Фильтр ""Тритон"" ВТ-400 380л/ч";842
"Флотатор ""RED SEA"" турбо Prizm Pro Deluxe 1200";19604
Аквариумное обеспечение;0
"Адаптер ""FERPLAST"" CO2 Energy (гайка)";727
"Адаптер д/шланга ""TETRA"" EX1200plus 240728";1011
"Антиперегиб ""JBL"" д/шланга 12/16мм 2шт 63137";282
"Антиперегиб ""JBL"" д/шланга 16/22мм 2шт 63138";262
Ареометр точный д/морск. воды AM-65900;851
"Баллон СО2 ""JBL"" комплект 3шт/500г 6317300";5253
Биошары д/фильтра ВВ 145566;348
"Вал ""HAGEN"" Fluval керамич. 104/204";358
"Винты д/клипс ""Arcadia"" 10шт 12-ABPF";283
"Губка сменная к фильтру ""Fan 2"" RF-0004";166
"Губка сменная к фильтру ""Fan 3"" RF-0005";225
"Губка сменная к фильтру ""Fan Micro"" RF-0001";78
"Губка сменная к фильтру ""Fan Mini"" RF-0002";85
"Губка сменная к фильтру ""JBL"" UniBloc CP e1500 60162";1379
"Губка сменная к фильтру ""Биг-2""";134
"Губка сменная к фильтру ""Биг""";88
"Губка сменная к фильтру ""Большая""";39
"Губка сменная к фильтру ""Макси""";58
"Губка сменная к фильтру ""Малая""";30
"Губка сменная к фильтру ""Мини""";21
Губка сменная к фильтру круглому;43
Губка сменная к фильтру угловому;53
"Держатель ""JBL"" д/счетчика пузырьков 6348500";189
"Ерш ""TETRA"" д/шланга TB 160 239364";495
Ерш д/чистки шланга ЕРВ214-102343 (мягк., сред., груб.) 3шт;319
"Жидкость ""JBL"" Power Clean д/очистки реактора СО2 500мл 6353000";677
"Замок ""EHEIM"" с фиксатором 742950";336
"Защелка ""HAGEN"" Fluval 104-404 д/крышки";75
"Импелер ""EHEIM"" д/фильтра 50Гц 2226, 2227, 2228, 2229 7656200";2233
Канистра д/пригот. морск. воды 5л TM-32501;552
"Клапан ""DENNERLE"" д/контроля подачи CO2 3080";5650
"Клапан обратный ""HAGEN"" A-1165";285
"Клапан обратный ""JBL"" ProSilent Safe+ 6431800";629
Клапан обратный В-7040;11
Клей д/ремонта аквариума 60мл (прозр.) 08602;243
"Клипса д/отражателя ""JBL"" метал. 2шт T8";290
"Клипса д/отражателя ""JUWEL"" hiflex T8";284
"Клипса д/отражателя ""JUWEL"" пласт. T8";185
"Коврик под аквариум ""HOBBY"" 50*120см 12035";508
"Кольцо уплотнительное к фильтру ""EHEIM"" 2213 (7273118)";756
"Кольцо уплотнительное к фильтру ""EHEIM"" 2215 (7312738)";720
"Кольцо уплотнительное к фильтру ""EHEIM"" 2217 (7287148)";720
"Кольцо уплотнительное к фильтру ""TETRA"" EX1200";252
"Кольцо уплотнительное к фильтру ""TETRA"" EX1200plus";252
"Кольцо уплотнительное к фильтру ""TETRA"" EX600/700";240
"Комплект ""TETRA"" APS 300 д/ремонта компрессора 143340";533
"Комплект адаптеров ""EHEIM"" 7445108";1430
"Конус ""JBL"" д/нереста дискусов керам. 61366";1024
Кормушка д/живого корма А-1285, 11286;151
"Кормушка д/рыб ""Зоомир"" большая 9*13см";53
Кормушка д/рыб пенопластовая бол;17
Кормушка д/рыб пенопластовая мал;17
Кран д/компрессора воздушный металл. двойн. 2шт 3509В;231
Кран д/компрессора воздушный пласт. бел. 3шт 3510В;78
Кран д/компрессора воздушный пласт. черн. 3шт 3510А;93
Кран д/компрессора метал. 2 выхода В-7038/А002;101
Кран д/компрессора метал. 3 выхода В-7038/А003;150
Кран д/компрессора метал. 4 выхода В-7038/A004;201
Кран д/компрессора метал. 5 выходов В-7038/А005;261
Кран д/компрессора пластиковый на 3 выхода В622400;101
"Кран д/фильтра ""TETRATEC"" двойной EX1200";1058
Кран-переходник металл. 3 входа;226
"Ловушка ""HOBBY"" для науплий артемий 21610";364
"Мембрана к компрессору ""KARLIE"" 78074";123
"Мембрана к компрессору ""KARLIE"" 78075";159
Мешок фильтровальный Prime 15*20см 2шт PR-000541;199
"Набор д/чистки стекол ""Wave"" 4 в 1 6017084";617
"Наполнитель д/фильтра ""Bio-Peral"" керам. высокопорист. шарики 3.98л FS-1530";2124
"Наполнитель д/фильтра ""Breathing Bio-Ring"" керамический 3.98л FS-1528";1325
"Наполнитель д/фильтра ""Breathing Bio-Ring"" керамический 450г FS-1506A";317
"Наполнитель д/фильтра ""Compact"" грубая очистка RF-0006 син. 45*95*95";213
"Наполнитель д/фильтра ""Compact"" синтепон RF-0012";84
"Наполнитель д/фильтра ""Compact"" тонк. очистка RF-0009 син. 45*95*95 88051";200
"Наполнитель д/фильтра ""Compact"" угольный RF-0015 45*95*95";169
"Наполнитель д/фильтра ""DENNERLE"" ActiveKohle Special уголь актив. 1л 3734";876
"Наполнитель д/фильтра ""DENNERLE"" Ammonium Stop Supra 500мл 3638";991
"Наполнитель д/фильтра ""DENNERLE"" NitratStop Supra 250мл 3636";1257
"Наполнитель д/фильтра ""DENNERLE"" PhosphatStop Supra 300г 3637";1446
"Наполнитель д/фильтра ""EHEIM"" 1048, 3148 губка груб. очистки 2шт";304
"Наполнитель д/фильтра ""EHEIM"" 1060, 3160 губка груб. очистки";389
"Наполнитель д/фильтра ""EHEIM"" 1250, 3250 губка син. 2шт";304
"Наполнитель д/фильтра ""EHEIM"" 2215 синтепон 3шт";983
"Наполнитель д/фильтра ""EHEIM"" Classic 2213 2шт";578
"Наполнитель д/фильтра ""EHEIM"" Classic 2213 3шт";435
"Наполнитель д/фильтра ""EHEIM"" Classic 2215";6378
"Наполнитель д/фильтра ""EHEIM"" Mech pro 2л 2505101";2232
"Наполнитель д/фильтра ""EHEIM"" Синтепон 2л 2504101";645
"Наполнитель д/фильтра ""FERPLAST"" BluClear 07";468
"Наполнитель д/фильтра ""FERPLAST"" BluMecPlus 01";223
"Наполнитель д/фильтра ""FERPLAST"" BluMecPlus 02";192
"Наполнитель д/фильтра ""HAGEN"" Fluval (нейтрализатор аммония) 1600г";945
"Наполнитель д/фильтра ""HAGEN"" Fluval-1 (угольный картридж)";158
"Наполнитель д/фильтра ""HAGEN"" Fluval-1 Plus (поролоновый)";131
"Наполнитель д/фильтра ""HAGEN"" Fluval-2 (угольный картридж)";190
"Наполнитель д/фильтра ""HAGEN"" Fluval-3 Plus (поролоновый)";199
"Наполнитель д/фильтра ""HAGEN"" Fluval-3 Plus (синтепоновый)";160
"Наполнитель д/фильтра ""HAGEN"" Fluval-4 (угольный картридж)";347
"Наполнитель д/фильтра ""HAGEN"" Fluval-4 Plus (угольный)";294
"Наполнитель д/фильтра ""HOBBY"" Aqualon (синтепон) 500г 20300";508
"Наполнитель д/фильтра ""HOBBY"" Filterpads (синтепон) 3шт. 175х175х20мм 20502";305
"Наполнитель д/фильтра ""HOBBY"" Filterpads (синтепон) 3шт. 200х200х20мм 20504";508
"Наполнитель д/фильтра ""HOBBY"" Sponge coarse (крупнопористая) 50х50х10см 20485";2436
"Наполнитель д/фильтра ""HOBBY"" губка механич. очистки 160*160*22мм";363
"Наполнитель д/фильтра ""HYDOR"" Crystal Duo K20 (поролон)";99
"Наполнитель д/фильтра ""HYDOR"" Crystal Duo K20 (уголь)";203
"Наполнитель д/фильтра ""HYDOR"" Prime-20 губка";182
"Наполнитель д/фильтра ""HYDOR"" Prime-20 синтепон";253
"Наполнитель д/фильтра ""JBL"" CarboMec ultra Pad CP e1500 800мл 6016800";1267
"Наполнитель д/фильтра ""JBL"" ClearMec plus 1л 62395";1126
"Наполнитель д/фильтра ""JBL"" PhosEx ultra 340г 6254100";1153
"Наполнитель д/фильтра ""Jumbo"" грубая очистка RF-0008 син. 49*146*146";278
"Наполнитель д/фильтра ""Jumbo"" синтепон RF-0014 5*146*146 (5шт)";119
"Наполнитель д/фильтра ""Jumbo"" тонкая очистка RF-0011 син. 49*146*146";278
"Наполнитель д/фильтра ""Jumbo"" угольный RF-0017 49*146*146";398
"Наполнитель д/фильтра ""JUWEL"" Bioflow Super/Compact Super";72
"Наполнитель д/фильтра ""JUWEL"" Compact (грубая/поролон)";334
"Наполнитель д/фильтра ""JUWEL"" Compact (поролон с углем)";571
"Наполнитель д/фильтра ""JUWEL"" Compact (поролон удаляющий нитраты)";466
"Наполнитель д/фильтра ""JUWEL"" Compact (уголь Carbax)";896
"Наполнитель д/фильтра ""JUWEL"" Compact S (поролон с углем)";209
"Наполнитель д/фильтра ""JUWEL"" Compact Super (уголь+синтепон)";140
"Наполнитель д/фильтра ""JUWEL"" Compact субстрат Cirax Bioflow 3.0";670
"Наполнитель д/фильтра ""JUWEL"" Compact субстрат Phorax Bioflow 3.0";751
"Наполнитель д/фильтра ""JUWEL"" Jumbo (грубая/поролон)";513
"Наполнитель д/фильтра ""JUWEL"" Jumbo (поролон удаляющий нитраты)";881
"Наполнитель д/фильтра ""JUWEL"" Jumbo (синтепон)";257
"Наполнитель д/фильтра ""JUWEL"" Jumbo (средняя/поролон)";481
"Наполнитель д/фильтра ""JUWEL"" Jumbo (уголь Carbax)";854
"Наполнитель д/фильтра ""JUWEL"" Jumbo субстрат Cirax";678
"Наполнитель д/фильтра ""JUWEL"" Standart (грубая/поролон)";390
"Наполнитель д/фильтра ""JUWEL"" Standart (поролон с углем)";922
"Наполнитель д/фильтра ""JUWEL"" Standart (поролон удаляющий нитраты)";631
"Наполнитель д/фильтра ""JUWEL"" Standart (средняя/поролон)";390
"Наполнитель д/фильтра ""JUWEL"" Standart (уголь Carbax)";686
"Наполнитель д/фильтра ""JUWEL"" Standart (хлопок)";206
"Наполнитель д/фильтра ""JUWEL"" Standart субстрат Cirax Bioflow 6.0";968
"Наполнитель д/фильтра ""JUWEL"" Standart субстрат Phorax Bioflow 6.0";570
"Наполнитель д/фильтра ""Micro Bio-Ring"" керамический 3.98л FS-1527";1987
"Наполнитель д/фильтра ""Mini Bio-Ring"" керамический 3.98л FS-1529";2317
"Наполнитель д/фильтра ""Mini Bio-Ring"" керамический 400г FS-1501A";558
"Наполнитель д/фильтра ""Nitri-Back Base"" удалитель нитратов 3.98л FS-1524";1259
"Наполнитель д/фильтра ""Nitro Eliminator"" удалитель нитратов 3.98л FS-1522";1191
"Наполнитель д/фильтра ""PPI 20"" синий 200*100*100мм RF";442
"Наполнитель д/фильтра ""PPI 20"" синий 50*500*500мм RF";1399
"Наполнитель д/фильтра ""PPI 20"" черный 200*100*100мм RF";442
"Наполнитель д/фильтра ""PPI 20"" черный 50*500*500мм RF";1399
"Наполнитель д/фильтра ""PPI 30"" синий 140*45*45мм RF";97
"Наполнитель д/фильтра ""PPI 30"" синий 150*D80мм RF";228
"Наполнитель д/фильтра ""PPI 30"" синий 200*100*100мм RF";442
"Наполнитель д/фильтра ""PPI 30"" синий 200*D110мм RF";449
"Наполнитель д/фильтра ""PPI 30"" синий 50*500*500мм RF";1399
"Наполнитель д/фильтра ""PPI 30"" черный 150*D80мм RF";228
"Наполнитель д/фильтра ""PPI 30"" черный 200*100*100мм RF";442
"Наполнитель д/фильтра ""PPI 30"" черный 200*D110мм RF";449
"Наполнитель д/фильтра ""PPI 30"" черный 300*100*100мм RF";532
"Наполнитель д/фильтра ""Prime"" кокосовый д/пресн. и морск.акв. 1л PR-004266";806
"Наполнитель д/фильтра ""Prime"" уголь д/морск.акв. 1л PR-000015";431
"Наполнитель д/фильтра ""Prime"" уголь д/морск.акв. 5л PR-000022";1787
"Наполнитель д/фильтра ""Prime"" уголь д/пресн.акв. 1л PR-000039";225
"Наполнитель д/фильтра ""Prime"" уголь д/пресн.акв. 5л PR-000046";764
"Наполнитель д/фильтра ""Prime"" цеолит д/пресн.акв. 1л PR-000053";215
"Наполнитель д/фильтра ""Prime"" цеолит д/пресн.акв. 5л PR-000060";673
"Наполнитель д/фильтра ""QuickFilter"" 201-802 цилиндр с губкой";323
"Наполнитель д/фильтра ""QuickFilter"" губка плотная 2шт";88
"Наполнитель д/фильтра ""Resikool"" уголь актив. 1л денитрация";855
"Наполнитель д/фильтра ""Standart"" грубая очистка RF-0007 син. 49*122*122 88100";202
"Наполнитель д/фильтра ""Standart"" синтепон RF-0013 5*122*122 (5шт)";100
"Наполнитель д/фильтра ""Standart"" тонк. очистка RF-0010 син. 49*122*122 88101";202
"Наполнитель д/фильтра ""Standart"" угольный RF-0016 49*122*122";309
"Наполнитель д/фильтра ""Super Carbon"" уголь актив. 180г FS-1533A";495
"Наполнитель д/фильтра ""Super Zeolite"" цеолит 3.98л FS-1523";1650
"Наполнитель д/фильтра ""TETRA"" BF1200 био-губка 2шт";288
"Наполнитель д/фильтра ""TETRA"" BF400/600 plus";134
"Наполнитель д/фильтра ""TETRA"" BF600/700 био-губка";479
"Наполнитель д/фильтра ""TETRA"" BF800/1000";184
"Наполнитель д/фильтра ""TETRA"" CF400/600 губка угольная";424
"Наполнитель д/фильтра ""TETRA"" CF800/1000 губка угольная";477
"Наполнитель д/фильтра ""TETRA"" FF400/600/700 синтепон 2шт";207
"Наполнитель д/фильтра ""TETRA"" FW1200 синтепон 2шт";321
"Наполнитель д/фильтра ""TETRA"" керам. CR600/700/1200 500мл";412
"Наполнитель д/фильтра ""TETRA"" уголь CF400/600/700/1200 2500мл";1328
"Наполнитель д/фильтра ""TETRA"" угольная губка 400/600 plus";370
"Наполнитель д/фильтра ""TETRA"" угольная губка 800/1000 plus";477
"Наполнитель д/фильтра ""Well-Chosen Carbon"" уголь актив. 3.98л FS-1521";1541
Наполнитель д/фильтра губка 100*100*65мм 2шт;286
Наполнитель д/фильтра Губка RFAN-1;53
Наполнитель д/фильтра синтепон А-10788 250г;535
Наполнитель д/фильтра синтепон А-10789 500г;1062
"Пакет ""TETRA"" мал. 545816 (502080) 1шт";4
"Пакет для рыб ""HOBBY"" 17*45см";18
"Пакет для рыб ""HOBBY"" 24*45см";23
"Пакет для рыб ""SERA"" малый 50шт 11006/50";793
"Пакет для рыб ""SERA"" средн. 11007/50";809
"Пакет для рыб ""TETRA"" 55*24см 557635 1шт";9
Пакет для рыб 18см 3л 50шт;384
Пакет для рыб 22см 4.5л 50шт;469
Пакет для рыб 24см 6л 50шт;498
Пинцет д/посадки растений 125см;1711
Пинцет д/посадки растений загнутый нержав. l-544;676
Пинцет д/посадки растений нержав. l-546;659
"Подставка под баллоны СО2 ""JBL"" ProFlora 6317600";408
"Поилка д/рептилий ""HOBBY"" TerraPond";829
Присоска д/аквариума 3512С 3шт;177
Присоска д/аквариума RP8010;15
Присоска д/возд. шланга 5шт 3512А;213
Присоска д/возд. шланга 5шт 3512В;65
"Присоска д/термометра ""JBL"" LochSauger 12мм 2шт 6313600";169
Присоска звездообразная 34/17мм 2х 222-102978;124
Присоска с клипсой 25/7мм 3х 222-103197;206
"Прокладка д/фильтра ""EHEIM"" 2213 угольн. 3шт";1200
"Распределитель воздуха ""KARLIE"" 2 781852";59
Распределитель воздуха односторонний белый 6 каналов;11
Распределитель воздуха односторонний белый 8 каналов;17
"Распылитель ""HOBBY"" Аква контроль 2шт";417
"Распылитель ""HOBBY"" гибкий 1м";1789
"Распылитель ""HOBBY"" многогран. 30*15*15мм";84
"Распылитель ""JBL"" Action Air Lucky Calamari 64302";1379
"Распылитель ""JBL"" Action Air Pinnipeds 64301";1254
"Распылитель ""JBL"" Action Air Treasure Hunter 64304";1001
"Распылитель ""JBL"" Aeras Micro Ball L Ф40 шар 6149100";457
"Распылитель ""JBL"" Aeras Micro M 14cм 6148800";314
"Распылитель ""JBL"" Aeras Micro S 10см 6148700";226
"Распылитель ""JBL"" Aeras Micro S3 15*26мм 3шт 6148600";191
"Распылитель ""TETRA"" AS 35";58
"Распылитель ""Бабочка большая"" А-108 в уп.";66
"Распылитель ""Бабочка малая"" А-109 в уп.";56
"Распылитель ""Жук большой"" А-115";77
"Распылитель ""Жук малый"" А-116";48
"Распылитель ""Звезда большая"" А-107 в уп.";72
"Распылитель ""Звезда малая"" А-103";43
"Распылитель ""Кит малый"" А-113";43
"Распылитель ""Раковина малая"" А-102 в уп.";48
"Распылитель ""Ракушка спиральная большая"" А-105";37
"Распылитель ""Ракушка спиральная малая"" А-101 в уп.";48
"Распылитель ""Рыба большая"" А-110";80
"Распылитель ""Рыба малая"" А-111";52
"Распылитель ""Силонг"" подсветка светодиодн. 1.5Вт 45см XL-P45";798
"Распылитель ""Силонг"" подсветка светодиодн. 2.5Вт 88см XL-P90";707
"Распылитель ""Силонг"" подсветка светодиодн. 2Вт 55см XL-P55";812
"Распылитель ""Силонг"" подсветка светодиодн. 2Вт 68см XL-P70";1007
"Распылитель ""Силонг"" подсветка светодиодн. 3Вт 115см XL-P120";865
"Распылитель ""Тритон"" А-001 (цилиндр 12*25мм) набор 3шт";62
"Распылитель ""Тритон"" А-002 (цилиндр 13*25мм)";31
"Распылитель ""Тритон"" А-004 (шар 20мм) блистер";34
"Распылитель ""Тритон"" А-008 (цилиндр 18*50мм)";34
"Распылитель ""Тритон"" А-009 (цилиндр 25*50мм)";62
"Распылитель ""Тритон"" А-012 (квадрат 15*15*25)";34
"Распылитель ""Тритон"" А-014 (квадрат 100*18*18) блистер";75
"Распылитель ""Тритон"" А-015 (треугольник 10*1.8*2)";53
"Распылитель ""Тритон"" А-019 (трапеция10*2*2)";53
"Распылитель ""Тритон"" А-020 (трапеция15*2*2) блистер";75
"Распылитель ""Тритон"" А-021 (трапеция 20*2*2) блистер";91
"Распылитель ""Черепаха"" бол. А119 60*77мм";87
"Распылитель ""Черепаха"" мал. А120 42*54мм";55
Распылитель А-004 (шар 16мм);23
Распылитель А-005 (шар 25мм) в уп.;19
Распылитель А-007 (шар 50мм) в уп.;47
Распылитель А-009 (цилиндр 25х50мм);38
Распылитель А-012;21
Распылитель А-013 (квадр. 25мм);39
Распылитель А-015 (треуг. 100мм) К;45
Распылитель А-016 (треуг. 150мм) К в уп.;68
Распылитель А-019 (трапеция 100мм) К;45
Распылитель А-020 (трапеция 150мм) К в уп.;67
Распылитель А-022 (трапеция 300мм) К в уп.;136
Распылитель гибкий 75см АС-04 К блистер;250
Распылитель гибкий 90см АС-05 К блистер;291
Распылитель гибкий черн. 60см 3026C;499
Распылитель дерев. д/флотатора maxi AM-410.57;394
Распылитель камень-полоска зел. 106см 3030F;364
Распылитель камень-цилиндр зел. 3шт 3503;99
Распылитель камень-цилиндр синий 3шт 3506;99
Распылитель камень-шарик синий мал. 3шт 3504;108
"Распылитель с пластмассовым боком 22"" 55см";202
"Распылитель с пластмассовым боком 24"" 60см";219
Распылитель шнур 119см А-997;1961
Распылитель шнур 38см А-994;802
Распылитель шнур 88см А-996;1409
"Рефлектор ""JUWEL"" Hiflex 1200мм";1203
"Рефлектор ""JUWEL"" Hiflex 438мм";798
"Рефлектор ""JUWEL"" Hiflex 590мм";922
"Рефлектор ""JUWEL"" Hiflex 742мм";936
"Рефлектор ""JUWEL"" Hiflex 895мм";1056
"Рефлектор ""Multi-Flash"" 75см 340175";922
"Ротор д/фильтра ""JBL"" Cristal Profi e1500";1223
"Ротор д/фильтра ""JBL"" Cristal Profi e1501 60215";3174
"Ротор д/фильтра ""JBL"" Cristal Profi e701 60213";2395
"Ротор д/фильтра ""JBL"" Cristal Profi e901 60214";2528
"Ротор д/фильтра ""JUWEL"" 1000";920
"Ротор д/фильтра ""JUWEL"" 402";392
"Ротор д/фильтра ""TETRATEC"" EX1200";964
"Ротор д/фильтра ""TETRATEC"" EX1200plus";1264
"Ротор д/фильтра ""TETRATEC"" EX400";721
"Ротор д/фильтра ""TETRATEC"" EX700";1129
"Сачок аквар. ""HAGEN"" белый 15*30см A-11276";139
"Сачок аквар. ""SERA"" д/пруд. рыб малый 20см 8371";730
"Сачок аквар. ""TETRA"" №2 M 10см";72
"Сачок аквар. ""TETRA"" №4 XL 15см";87
"Сачок аквар. ""TETRA"" №5 XXL 20см";131
"Сачок аквар. ""Тритон"" №10 25см белый (красн. ручка)";127
"Сачок аквар. ""Тритон"" №10 25см пласт. ручка 50см";382
"Сачок аквар. ""Тритон"" №3 8см (метал. ручка)";195
"Сачок аквар. ""Тритон"" №4 10см (пласт. ручка)";78
"Сачок аквар. ""Тритон"" №5 13см (пласт. ручка)";93
"Сачок аквар. ""Тритон"" №5 13см белый (крас. ручка)";72
"Сачок аквар. ""Тритон"" №6 15см (пласт. ручка)";116
"Сачок аквар. ""Тритон"" №6 15см белый (зел. ручка)";76
"Сачок аквар. ""Тритон"" №6 15см белый (крас. ручка)";88
"Сачок аквар. ""Тритон"" №6 15см зеленый (крас. ручка)";79
"Сачок аквар. ""Тритон"" №6 15см пласт. ручка 50см";294
"Сачок аквар. ""Тритон"" №7 18см белый (красн. ручка)";96
"Сачок аквар. ""Тритон"" №7 18см зеленый (зел. ручка)";89
Сачок аквар. FN-38G 20.32*15.24*30.48см;71
Сачок аквар. А-1274, 11274 10см, дл. 23см;87
Сачок аквар. А-1275, 11275 12см, дл. 25см;97
Сачок аквар. с дерев. ручкой №6 15см;161
Сачок аквар. треуг. 17см 376617;89
"Сифон ""SERA"" Gravel Cleaner помповый 8550";650
"Сифон ""TETRATEC"" GC30 малый";702
"Сифон ""Triol"" CW-0101";197
"Сифон ""Triol"" CW-0102";199
"Сифон ""Triol"" CW-0103";210
"Сифон ""Силонг"" B с грушей XL-B";330
"Сифон ""Тритон"" 145см QS1102A";173
"Сифон ""Тритон"" 65см QS1103";158
Скребок  д/водорослей с многосл. лезвием i-927;423
"Скребок ""HAGEN"" + щипцы д/растений 4 в 1 А-10739, 11008";335
"Скребок ""HAGEN"" + щипцы д/растений De Lux 11019";584
"Скребок ""HAGEN"" Deep Reach бол. 11018";538
"Скребок ""HAGEN"" средний двуст. 11017";320
"Скребок ""HAGEN"" угловой мал. 11013";708
"Скребок ""TETRA"" GS-45";739
"Скребок ""Силонг"" 3 смен. насадки 55см XL-55";354
"Скребок ""Силонг"" 3 смен. насадки 90см XL-90";407
Скребок S-72 комбинир. с метал. ручкой 72см;218
Скребок двухстор. 81см В-210032;308
"Скребок магнитный ""Fluval Edge"" А-11024";897
"Скребок магнитный ""HAGEN""  Small 11021";635
"Скребок магнитный ""HAGEN"" Large 11023";1680
"Скребок магнитный ""JBL"" Algenmagnet L  стекло до 15мм 6129300";1608
"Скребок магнитный ""JBL"" Algenmagnet M  стекло до 10мм 6129200";901
"Скребок магнитный ""JBL"" Algenmagnet S  стекло до 6мм 6129100";609
"Скребок магнитный ""TETRA"" большой Tet-239333";1245
"Скребок магнитный ""TETRA"" средний Tet-239302";708
Скребок магнитный (бол. одноцв.) 110300;327
Скребок магнитный (бол. одноцв.) 110400;758
Скребок магнитный (бол. разноцв.) 120300;691
Скребок магнитный (средний разноцветн) В-7012/120200;302
Скребок магнитный B140400 XL;592
Скребок магнитный M д/стекла 8мм 8848;879
Скребок магнитный S д/стекла 6мм 8847;623
Скребок магнитный плавающий малый S В140100;411
Скребок магнитный плавающий средний M В140200;665
Скребок с лезвием 230032;405
Скребок с лезвием RP7050;79
Скребок с лезвием и удлин. насадками i-903;452
"Счетчик пузырьков ""JBL"" CO2 Count safe-2 6446900";1271
"Термометр ""JBL"" 6140500";230
"Термометр ""JBL"" с точностью измерения 0.5 градуса 6140700";555
"Термометр ""Тритон"" стекл. Т-08";54
Термометр на жидк. крист. 9см;29
Термометр стекло на подложке Т-07;35
Термометр стекло на подложке Т-08;32
Термометр Т-10 0210;108
Тройник д/шланга компрессора на 2 выхода пластм. 10шт 640003;121
Тройник д/шланга компрессора на 3 выхода пластм. 10шт 640004;126
"Трубка-рукав ""HOBBY"" 9/12мм 2шт 63810";132
"Уголок пласт. ""EHEIM"" 4009630";332
Фильтр поролон. большой Ч;103
Фильтр поролон. круглый Ч;109
Фильтр поролон. макси с 2-мя присосками Ч;120
Фильтр поролон. малый Ч;93
Фильтр поролон. угловой Ч;115
"Шланг ""JBL"" Aquaschlauch зел. 16/22мм 2.5м 61084";964
"Шланг ""JBL"" Aquaschlauch сер. 9/12мм 2.5м 6108700";459
"Шланг ""JBL"" ProSilent tube 2.5м 6431700";434
"Шланг гофра ""TUNZE"" 40мм 2м 1075/2";3618
"Шланг д/компрессора ""Силонг"" 5мм 100м PVC-TH";1919
Шланг д/компрессора 4/5.5мм 3м (силикон);338
Шланг д/компрессора 4/6мм 25м зеленый;975
Шланг д/компрессора 4/6мм 2м (силикон);157
Шланг д/компрессора 4мм 2м зеленый 3511В;107
Шланг д/компрессора 4мм бухта (100м) белый;1410
Шланг д/слива воды 9мм 10м тонк 11128;1104
"Шланг ПВХ ""PRIME"" 2.5м 4/6мм прозрачный";120
"Шланг ПВХ ""PRIME"" 25м 4/6мм прозрачный";772
"Шланг ПВХ ""PRIME"" 3м 12/16мм синий";337
"Шланг ПВХ ""PRIME"" 3м 16/22мм синий";479
Шланг ПВХ 3м 9/12мм зеленый 78281;350
Щипцы д/растений 60см 0704CW (Triol);188
Щипцы д/террариума металл. изогнутые 30см NT-0745;1094
Аквариумное оборудование AQUAEL;0
"Грунтоочиститель ""AQUAEL"" S 26см";624
"Губка сменная ""Тритон"" к фильтру AQUAEL  Микро плюс";16
"Губка сменная ""Тритон"" к фильтру AQUAEL Fan-1 плюс";33
"Губка сменная ""Тритон"" к фильтру AQUAEL Fan-2 плюс";42
"Губка сменная ""Тритон"" к фильтру AQUAEL Мини плюс";19
"Дождик аквариумный ""AQUAEL""";378
"Клей д/аквариума ""AQUAEL"" 8мл прозр. 214671";70
"Компрессор ""AQUAEL"" AP-100";856
"Компрессор ""AQUAEL"" APR-150";935
"Компрессор ""AQUAEL"" APR-200";1107
"Компрессор ""AQUAEL"" APR-300";1425
"Наполнитель д/фильтра ""AQUAEL"" BioCeraMax Ultra Pro 1600 1000мл";1159
"Наполнитель д/фильтра ""AQUAEL"" CarboMax Plus уголь 1л";812
"Насос ""AQUAEL"" Circulator 1000л/ч до 250л с реверсом";1949
"Насос ""AQUAEL"" Circulator 500л/ч до 150л с реверсом";1243
"Насос ""AQUAEL"" Reef circulator №107451";2485
"Фильтр ""AQUAEL"" Fan-1 плюс";1103
"Фильтр ""AQUAEL"" Fan-2 плюс";1629
"Фильтр ""AQUAEL"" Fan-3 плюс";1980
"Фильтр ""AQUAEL"" Fan-Micro плюс";990
"Фильтр ""AQUAEL"" Fan-Mini";953
"Фильтр ""AQUAEL"" Midi-Kani 800";8614
"Фильтр ""AQUAEL"" Mini-Kani 120 наружный";6847
"Фильтр ""AQUAEL"" Mini-Kani 80 наружный";6063
"Фильтр ""AQUAEL"" Pat Mini 339";935
"Фильтр ""AQUAEL"" turbo-500";1731
"Фильтр ""AQUAEL"" Unifilter-360";1458
"Фильтр ""AQUAEL"" Unifilter-500";2003
"Фильтр ""AQUAEL"" Unifilter-500 UV";2767
Аквариумные лекарства;0
Bioptim 12шт PD-002423;1105
Bioptim Pro 10шт PD-007213;4823
Iodi+ добавка йода (1ампула 76мг) 6шт PD-001419;749
Reef Booster Pro10 1*4000л 10шт PD-007237;5060
Safe Travel 1*10л 12шт PD-001822;1101
Safe Travel 30шт PD-001839;1870
Акваконс антихлор 50мл ЗМ;90
Акваконс против улиток 50мл ЗМ;96
Акваконс чистая вода 50мл ЗМ;90
Антифос 500мл DEL-23022000;3177
"Бактерии ""JBL"" FilterStart д/фильтра стартовые  25182";399
"Грунт ""DENNERLE"" DeponitMix Prof. 9в1 питат. 4.8кг 4596";2243
"Грунт ""DENNERLE"" DeponitMix Prof. 9в1 питат. 9.6кг 4597";3923
"Грунт ""DENNERLE"" NutriBasis 6в1 питат. 4.8кг 4587";1483
"Грунт ""DENNERLE"" Scaper's Soil 1-4мм питат. 4л 4580";2249
"Грунт ""JBL"" Manado д/растений питат. красно-коричн. 10л 67024";1714
"Добавка ""RED SEA"" питат. д/кораллов 500мл";1429
"Комплекс микроэлементов ""JBL"" TraceMarin 2 (йод) д/морс. акв. 500мл 24915";1456
"Кондиционер ""DENNERLE"" Avera д/водопров. воды 25мл 1693";488
Кондиционер д/защиты слизистой рыб 250мл;420
Очиститель воды Аквастоп 100мл;58
"Очиститель воды в аквариуме ""Химола"" 25мл";146
"Препарат ""JBL"" Biotopol T д/подготовки воды 50мл 71001";480
"Препарат ""JBL"" FilterBoost д/оптим. работы фильтра 2518500";399
"Препарат ""JBL"" Nedol Plus 250 против камалланид и др. круглых червей 10074";833
"Препарат ""JBL"" pH-minus д/понижения pH 100мл 23046";530
"Препарат д/рыб ""Зоомир"" Малахитовый зеленый 50мл";48
"Препарат д/рыб ""Зоомир"" Метиленовый синий 50мл";58
Препарат д/рыб Антипар 20мл;160
"Смесь ""JBL"" AquaBasis plus питат. эл-тов 2.5л 20212";978
"Смесь ""JBL"" AquaBasis plus питат. эл-тов 5л 2021000";1541
"Соль ""RED SEA"" Coral Pro Salt 22кг на 660л ведро 11231";9486
"Соль ""RED SEA"" Coral Pro Salt 25кг на 750л эконом. мешок";9398
"Соль ""RED SEA"" Coral Pro Salt 7кг ведро";3473
"Соль ""RED SEA"" Salt 22кг на 660л ведро";7505
"Соль ""RED SEA"" Salt 25кг на 750л эконом. мешок";8729
"Соль ""RED SEA"" ведро 7кг";2602
"Соль ""Tropic Marin Pro Reef Nano"" пакет 180г/5л 10521";302
"Ср-во ""DENNERLE"" RefresherTabs д/восстановления дна старых акв. 30табл. 1975";762
"Средство ""JBL"" Biotopol д/подготовки воды с 6-кратн. эффектом 100мл 2300159";415
Средство Antigreen от зеленых водор. 500мл;1411
"Таблетки ""JBL"" Oxy Tabs кислородные 50шт 20080";731
"Удобрение ""AQUABALANCE"" д/аквар. Био-углерод 1л";1098
"Удобрение ""AQUABALANCE"" д/аквар. Био-углерод+альгицид 50мл";142
"Удобрение ""AQUABALANCE"" д/аквар. Калий-баланс 1л";1032
"Удобрение ""AQUABALANCE"" д/аквар. Макро-баланс 1л";1098
"Удобрение ""AQUABALANCE"" д/аквар. Макро-баланс 250мл";341
"Удобрение ""AQUABALANCE"" д/аквар. Макро-баланс 50мл";142
"Удобрение ""AQUABALANCE"" д/аквар. Микро-баланс 1л";1098
"Удобрение ""AQUABALANCE"" д/аквар. Микро-баланс 250мл";341
"Удобрение ""AQUABALANCE"" д/аквар. Микро-баланс 50мл";142
"Удобрение ""AQUABALANCE"" д/аквар. Микро-баланс+калий 250мл";341
"Удобрение ""AQUABALANCE"" д/аквар. Нитро-баланс 1л";1032
"Удобрение ""AQUABALANCE"" д/аквар. Нитро-баланс 250мл";341
"Удобрение ""AQUABALANCE"" д/аквар. Тотал 1л";1098
"Удобрение ""AQUABALANCE"" д/аквар. Тотал 250мл";341
"Удобрение ""AQUABALANCE"" д/аквар. Тотал 50мл";142
"Удобрение ""AQUABALANCE"" д/аквар. Тотал MOX 50мл";142
"Удобрение ""AQUABALANCE"" д/аквар. Ферро-баланс 1л";1004
"Удобрение ""AQUABALANCE"" д/аквар. Ферро-баланс 250мл";341
"Удобрение ""AQUABALANCE"" д/аквар. Фосфо-баланс 1л";1098
"Удобрение ""AQUABALANCE"" д/аквар. Фосфо-баланс 250мл";341
"Удобрение ""DENNERLE"" CryptocoryneTabs 10табл. 1978";325
"Удобрение ""DENNERLE"" EchinodorusTabs 30табл. 1977";762
"Удобрение ""Dupla"" д/растений 10мл 80310";368
"Удобрение ""Dupla"" д/растений 50мл 80315";1420
"Удобрение ""RED SEA"" Flora Root гранулы 1л";2218
"Удобрение д/аквар. ""Эльф"" гранул. состав №1";85
"Удобрение д/аквар. ""Эльф"" гранул. состав №2";85
"Удобрение д/аквар. ""Эльф"" гранул. состав №3";85
"Экстрат верхового торфа ""DENNERLE"" TR7 50мл 2725";489
Аквариумные лекарства SERA;0
"""SERA"" Algovec 50мл д/борьбы с водорослями";315
"""SERA"" NO2-Test Нитрит-тест 15мл 4410";390
Аквариумные лекарства TETRA;0
"""TETRA"" Aqua Algetten 12т д/уничтож. водорослей 140349";471
"""TETRA"" Aqua Algizit 10т (ср-во д/прекр. разв. водор.) 770386, 770393";377
"""TETRA"" Aqua Algo Stop Depot средство против водорослей 157743";589
"""TETRA"" Aqua AlguMin 250мл ср-во д/борьбы с водорослями 754003, 198753";459
"""TETRA"" Aqua Biocoryn H3 12caps (конд. д/разлож. органики) 700163, 146860";561
"""TETRA"" Aqua CrystalWater ср-во д/удал. орган. или мин. помутнений 250мл 198739";639
"""TETRA"" Aqua EasyBalance 100мл ср-во д/приготовления воды";228
"""TETRA"" AquaPlant Crypto удобр. д/акв. растений 10таб 140370";371
"""TETRA"" AquaPlant InitialSticks 200г (добавка д/грунта)";412
"""TETRA"" AquaPlant PlantaMin 250мл удобр. д/роста растений 701500, 139299";470
"""TETRA"" AquaSafe 100мл на 200л ср-во д/приготовления воды";230
"""TETRA"" AquaSafe 250мл на 500л ср-во д/пригот. воды 736269, 762749";483
"""TETRA"" AquaSafe 500мл ср-во д/пригот. воды 736276,966102, 198876";781
"""TETRA"" AquaSafe 50мл на 100л кондиционер д/подготовки воды 198852";152
"""TETRA"" PlantaStart 12табл. удобрение д/раст.";551
"""TETRA"" Pond Fit 250мл регулярный уход за растениями";350
"""TETRA"" Pond KoiVital 250мл ср-во д/оздоровления воды в садовом пруду";409
"""TETRA"" Pond Safe 250мл регулярный уход против тяж. мет и хлора";333
"Бактерии ""TETRA"" FilterActiv 250мл";657
"Грунт питательный ""TETRA""  CompleteSubstrate 10кг";2188
"Соль морская ""TETRA"" Marine Sea Salt 2кг 173576";645
"Тест д/воды ""TETRA"" Nitrit NO2 10мл";423
"Тест д/воды ""TETRA"" Test 6в1 (pH,KH,GH,NO2,NO3,CL2)";883
"Тест д/воды ""TETRA"" Test Fe";1106
"Тест д/воды ""TETRA"" фосфаты PO4 10мл";1366
Аквариумные растения;
"Набор цветов д/пруда ""HAGEN"" 26см 5шт РТ-1230";3480
"Растение аквар. ""HAGEN"" Amazon Extra Cross PP-2265";470
"Растение аквар. ""HAGEN"" Amazon Jumbo зеленое PP-2270";591
"Растение аквар. ""HAGEN"" Amazon Large PP-2260";489
"Растение аквар. ""HAGEN"" Amazon Sword Medium PP-2255";510
"Растение аквар. ""HAGEN"" Amazon Sword Plant 13см PP-501";118
"Растение аквар. ""HAGEN"" Amazon Sword Plant 38см PP-1501";311
"Растение аквар. ""HAGEN"" Ambulia 12см РР-502";144
"Растение аквар. ""HAGEN"" Anacharis 30см красное РР-1232";942
"Растение аквар. ""HAGEN"" Anacharis 38см РР-1503";327
"Растение аквар. ""HAGEN"" Anubias Nana 15см (набор 2шт) РР-205";136
"Растение аквар. ""HAGEN"" Anubias Nana 20см (набор 2шт) РР-255";175
"Растение аквар. ""HAGEN"" Banana Plant 20см PP-804";206
"Растение аквар. ""HAGEN"" Cardamine 20см РР-805";192
"Растение аквар. ""HAGEN"" Cardamine 20см синее РР-863";221
"Растение аквар. ""HAGEN"" Corkscrew Vallisneria 12см белое РР-566";148
"Растение аквар. ""HAGEN"" Corkscrew Vallisneria 20см зел. РР-806";147
"Растение аквар. ""HAGEN"" Corkscrew Vallisneria Black White Tips 12см РР-567";148
"Растение аквар. ""HAGEN"" Dwarf Lily 38см кувшинка";332
"Растение аквар. ""HAGEN"" Four Leaf Clover 9*11см";103
"Растение аквар. ""HAGEN"" Foxtail 20см коричн. РР-810";125
"Растение аквар. ""HAGEN"" Foxtail 30см РР-1210";401
"Растение аквар. ""HAGEN"" Foxtail 38см розовое РР-1510";291
"Растение аквар. ""HAGEN"" Grossostigma (набор 3шт) РР-265";205
"Растение аквар. ""HAGEN"" Java Fern 20см (набор 2шт)";175
"Растение аквар. ""HAGEN"" Pennywort";52
"Растение аквар. ""HAGEN"" Pigmychain Sword";98
"Растение аквар. ""HAGEN"" Red Ludwigia 12см черное РР-579";103
"Растение аквар. ""HAGEN"" Red Ludwigia 30см белое РР-1275";413
"Растение аквар. ""HAGEN"" Red Ludwigia 30см черное";301
"Растение аквар. ""HAGEN"" Sea Sprite 13см РР-2404";38
"Растение аквар. ""TETRA"" Ambulia 15см 606890";88
"Растение аквар. ""TETRA"" Ambulia 23см 606951";163
"Растение аквар. ""TETRA"" Ambulia 33см";217
"Растение аквар. ""TETRA"" Ambulia 38см";344
"Растение аквар. ""TETRA"" Anacharis 10см";70
"Растение аквар. ""TETRA"" Anacharis 23см 606944";137
"Растение аквар. ""TETRA"" Anacharis 38см";235
"Растение аквар. ""TETRA"" Anacharis 5см 606135";68
"Растение аквар. ""TETRA"" Green Cabomba 15см 606203, 606906";88
"Растение аквар. ""TETRA"" Green Cabomba 23см 606968";137
"Растение аквар. ""TETRA"" Green Cabomba 30см 607026";254
"Растение аквар. ""TETRA"" Green Cabomba 38см";344
"Растение аквар. ""TETRA"" Hygrophila 15см";103
"Растение аквар. ""TETRA"" Hygrophila 23см 606975";163
"Растение аквар. ""TETRA"" Hygrophila 30см";254
"Растение аквар. ""TETRA"" Hygrophila 38см";294
"Растение аквар. ""TETRA"" Hygrophila 46см 607156";419
"Растение аквар. ""TETRA"" Red Foxtail 15см";103
"Растение аквар. ""TETRA"" Red Foxtail 23см 606999";137
"Растение аквар. ""TETRA"" Red Foxtail 30см 607057";217
"Растение аквар. ""TETRA"" Red Foxtail 38см";344
"Растение аквар. ""TETRA"" Red Foxtail 46см 607170";419
"Растение аквар. ""TETRA"" Red Ludvigia 23см 606982";163
"Растение аквар. ""TETRA"" Red Ludvigia 30см 607040";254
"Растение аквар. ""TETRA"" Red Ludvigia 38см 607101";344
"Растение аквар. ""TETRA"" Red Ludvigia 46см 607163";419
"Растение аквар. ""Тритон"" 13см 1335";114
"Растение аквар. ""Тритон"" 13см 1368";89
"Растение аквар. ""Тритон"" 15см 1544 блистер";150
"Растение аквар. ""Тритон"" 15см 1547 блистер";150
"Растение аквар. ""Тритон"" 16см 1668";140
"Растение аквар. ""Тритон"" 16см 1672";107
"Растение аквар. ""Тритон"" 16см 1673";140
"Растение аквар. ""Тритон"" 19см 1968";126
"Растение аквар. ""Тритон"" 19см 1970";158
"Растение аквар. ""Тритон"" 19см 1978";158
"Растение аквар. ""Тритон"" 19см 1982";126
"Растение аквар. ""Тритон"" 19см 1999";126
"Растение аквар. ""Тритон"" 20см 2035";115
"Растение аквар. ""Тритон"" 20см 2037";115
"Растение аквар. ""Тритон"" 25см 2553";155
"Растение аквар. ""Тритон"" 25см 2558";201
"Растение аквар. ""Тритон"" 25см 2577";155
"Растение аквар. ""Тритон"" 25см 2578";155
"Растение аквар. ""Тритон"" 25см 2580";181
"Растение аквар. ""Тритон"" 25см 2594";141
"Растение аквар. ""Тритон"" 29см 2910";167
"Растение аквар. ""Тритон"" 29см 2931";167
"Растение аквар. ""Тритон"" 29см 2963";183
"Растение аквар. ""Тритон"" 29см 2983";183
"Растение аквар. ""Тритон"" 29см 2987";220
"Растение аквар. ""Тритон"" 29см 2997";183
"Растение аквар. ""Тритон"" 34см 3445";283
"Растение аквар. ""Тритон"" 34см 3456";283
"Растение аквар. ""Тритон"" 34см 3465";234
"Растение аквар. ""Тритон"" 34см 3466";234
"Растение аквар. ""Тритон"" 34см 3481";198
"Растение аквар. ""Тритон"" 34см 3489";198
"Растение аквар. ""Тритон"" 34см 3490";198
"Растение аквар. ""Тритон"" 40см 4025";251
"Растение аквар. ""Тритон"" 40см 4028";210
"Растение аквар. ""Тритон"" 40см 4031";251
"Растение аквар. ""Тритон"" 46см 4663";264
"Растение аквар. ""Тритон"" 8см 0881";66
"Растение аквар. ""Тритон"" 8см 0883";66
"Растение аквар. ""Тритон"" 8см 0884";66
"Растение аквар. ""Тритон"" 8см 0885";66
"Растение аквар. ""Тритон"" 8см 0886";66
"Растение аквар. ""Тритон"" 8см 0892";66
"Растение аквар. ""Тритон"" пышное 25см D2511/7752";162
"Растение аквар. ""Тритон"" пышное 35см C3506/7721";278
"Растение аквар. ""Тритон"" пышное 35см C3533/7714";308
"Растение аквар. ""Тритон"" пышное 46см B5005/7622";425
"Растение аквар. ""Тритон"" пышное 46см B5006/7639";425
"Растение аквар. ""Тритон"" пышное 46см B5007/7646";425
"Растение аквар. ""Тритон"" пышное 46см B5016/7660";425
Растение аквар. с распылителем 9см AR0904;386
Растение аквар. с распылителем 9см AR0909;358
"Растение д/террариума ""HAGEN"" Rucus Small РТ-3031";279
"Растение д/террариума ""HAGEN"" Виноградная лоза бол РТ-3086";980
"Растение-арка ""Тритон"" 23см Q2323/7998";390
"Растение-грот ""Тритон"" 7.5см N07002AL";382
"Растение-грот ""Тритон"" 7.5см N07005AL";382
"Растение-домик ""Тритон"" 14см TC60014";1160
Растение-коврик 25*25м 0581;343
Растение-шар пласт. 6см В0602;190
Растение-шар пласт. 8см В0801;198
Аквариумные украшения;0
"Грот ""HAGEN"" Череп пластик. 12162";640
"Грот ""HOBBY"" Amphora Atlantis S 12см 40292";812
"Грот ""HOBBY"" Amphora Bronze L 28см 40278";609
"Грот ""HOBBY"" Amphora Bronze M 19см 40275";508
"Грот ""HOBBY"" Amphora Sand L 28см 40288";711
"Грот ""HOBBY"" Amphora Sand M 19см 40285";508
"Грот ""HOBBY"" Amphora Sand S 13см 40280";305
"Грот ""Акула-подводная лодка"" 12х24см";834
"Грот ""Амфитеатр"" 30х18х21см";2628
"Грот ""Амфора"" 60см 107E-JL/1542SP";2913
"Грот ""Амфора"" 80см с мет. подст. 107E-JL/1544";3629
"Грот ""Корма корабля"" 01133";2842
"Грот ""Красный лобстер"" 19х16х16см";928
"Грот ""Нос корабля"" 01022";1810
"Грот ""Пурпурный лобстер"" 19х16х16см";928
"Грот ""Спасательный круг""";384
"Грот ""Терраса египетская"" 20*10см";404
Грот глин. 032 скала одинарная 16*26*14см;518
"Грот-керамика ""Амфора двойная"" К412";141
"Грот-керамика ""Амфора на подставке"" 13.1 М";158
"Грот-керамика ""Амфора"" 13 М";147
"Грот-керамика ""Амфора"" К038/1";121
"Грот-керамика ""Амфора"" К411";85
"Грот-керамика ""Амфора"" К411/1";85
"Грот-керамика ""Арка малая"" 15.1 М";179
"Грот-керамика ""Арка"" 15. М";326
"Грот-керамика ""Башмак"" 10. М";137
"Грот-керамика ""Башня бол."" 3. М";347
"Грот-керамика ""Башня высокая"" К402";273
"Грот-керамика ""Башня двойная плоская"" 3.5 М";294
"Грот-керамика ""Башня двойная"" 3.4. М";347
"Грот-керамика ""Башня малая квадратная"" 3.1 М";221
"Грот-керамика ""Башня малая круглая"" 3.2 М";221
"Грот-керамика ""Башня малая с крышей"" 3.3 М";221
"Грот-керамика ""Башня малая"" К403";129
"Грот-керамика ""Башня открытая средняя"" К404/1";137
"Грот-керамика ""Башня средняя"" К404";137
"Грот-керамика ""Башня тройная без куполов"" 3.6 М";221
"Грот-керамика ""Башня тройная с куполами"" 3.7. М";221
"Грот-керамика ""Башня"" К401";151
"Грот-керамика ""Башня"" К401/1";158
"Грот-керамика ""Бочка бол."" 7. М";252
"Грот-керамика ""Бочка большая"" К414/2";137
"Грот-керамика ""Бочка мал на подставке"" 7.1. М";137
"Грот-керамика ""Бочка малая без подставки"" 7.2 М";137
"Грот-керамика ""Бочка малая"" К414";72
"Грот-керамика ""Бочка средняя"" К414/1";80
"Грот-керамика ""Бревно большое леж."" К004/1";137
"Грот-керамика ""Бревно большое"" К004";145
"Грот-керамика ""Бревно малое"" К112";48
"Грот-керамика ""Бревно среднее"" К012/1";69
"Грот-керамика ""Ворота"" 21. М";441
"Грот-керамика ""Горшок на подставке"" бол. К412/1";88
"Грот-керамика ""Горшочек Пень малый"" 12.1 М";126
"Грот-керамика ""Горшочек под растения ""Башня"" 12.2. М";210
"Грот-керамика ""Горшочек под растения Пень"" 12.4 М";221
"Грот-керамика ""Горшочек под растения"" К037";63
"Грот-керамика ""Грот большой"" 4 М";347
"Грот-керамика ""Грот мал. цветной"" 4.5 М";273
"Грот-керамика ""Грот маленький"" 4.2 М";137
"Грот-керамика ""Грот средний"" 4.1 М";263
"Грот-керамика ""Замок мал "" 1.5 М";399
"Грот-керамика ""Замок мал. с куполами"" 1.6 М";399
"Грот-керамика ""Замок малый угловой"" 1.7 М";399
"Грот-керамика ""Замок сред. лепной"" 1.3 М";714
"Грот-керамика ""Замок"" К407";297
"Грот-керамика ""Замок"" К407/1";635
"Грот-керамика ""Замок"" К408/1";217
"Грот-керамика ""Замок"" К408/2";361
"Грот-керамика ""Замок"" К408/3";418
"Грот-керамика ""Замок"" К408/4";177
"Грот-керамика ""Замок"" К408/5";265
"Грот-керамика ""Замок"" К408/6";313
"Грот-керамика ""Замок"" К408/7";402
"Грот-керамика ""Замок"" К409";305
"Грот-керамика ""Замок"" К409/1";386
"Грот-керамика ""Затонувший корабль большой"" 14. М";987
"Грот-керамика ""Затонувший корабль мал"" 14.1 М";221
"Грот-керамика ""Затонувший корабль средний"" 14.2 М";420
"Грот-керамика ""Звезда"" 11.1 М";137
"Грот-керамика ""Кора большая "" К201/1";145
"Грот-керамика ""Корабль"" К501";370
"Грот-керамика ""Коралл"" 16 М";263
"Грот-керамика ""Корень без коры"" 8. М";242
"Грот-керамика ""Корень с корой"" 8.1 М";242
"Грот-керамика ""Коряга бол. двойная на пне"" К002";370
"Грот-керамика ""Коряга бол. на пне"" К001";313
"Грот-керамика ""Коряга двойная малая"" К011";104
"Грот-керамика ""Коряга леж. Б."" К104";185
"Грот-керамика ""Коряга мал. - Крест"" К013";106
"Грот-керамика ""Коряга малая двойная"" К313";106
"Грот-керамика ""Коряга малая с пеньком д/растений"" К010";104
"Грот-керамика ""Коряга малая"" К012";104
"Грот-керамика ""Коряга с лианами"" К003";297
"Грот-керамика ""Коряга средняя"" 19.1 М";221
"Грот-керамика ""Коряга средняя"" К321";112
"Грот-керамика ""Коряги малые на пне"" К311";106
"Грот-керамика ""Крепость средняя"" К405";297
"Грот-керамика ""Крепость"" 22 М";315
"Грот-керамика ""Крепость"" К402/1";273
"Грот-керамика ""Крепость"" К403/1";129
"Грот-керамика ""Крепость"" К408/8";418
"Грот-керамика ""Крепость"" К410";482
"Грот-керамика ""Кувшин малый"" К413";72
"Грот-керамика ""Кувшин с узким горлом"" К413/1";67
"Грот-керамика ""Кувшин"" 13.2. М";137
"Грот-керамика ""Кувшин"" К413/2";67
"Грот-керамика ""Кувшин"" К413/3";72
"Грот-керамика ""Лодка"" 14.3 М";221
"Грот-керамика ""Лодка"" К502/1";145
"Грот-керамика ""Мостик"" 17. М";441
"Грот-керамика ""Парусник"" К502";209
"Грот-керамика ""Пень большой"" 2. М";483
"Грот-керамика ""Пень мал."" 2.4 М";210
"Грот-керамика ""Пень средний"" К117";64
"Грот-керамика ""Пень"" 2.1 М";399
"Грот-керамика ""Пень"" К217";96
"Грот-керамика ""Пень"" К217/1";121
"Грот-керамика ""Полено"" 9.1 М";74
"Грот-керамика ""Полешки"" 9. М";221
"Грот-керамика ""Пушка"" К500";80
"Грот-керамика ""Развалина башня"" К406";321
"Грот-керамика ""Ракушка"" 11 М";210
"Грот-керамика ""Самолет"" К810";337
"Грот-керамика ""Скала большая"" 5. М";494
"Грот-керамика ""Скала двойная"" 5.6 М";504
"Грот-керамика ""Скала малая каньон"" 5.5 М";263
"Грот-керамика ""Скала малая широкая "" 5.3 М";263
"Грот-керамика ""Скала с замком бол. высокая"" 6. М";441
"Грот-керамика ""Скала с замком малая"" 6.3 М";221
"Грот-керамика ""Скала с замком средняя"" 6.2 М";294
"Грот-керамика ""Скала тройная"" 5.7 М";762
"Грот-керамика ""Сланец 1"" К801";96
"Грот-керамика ""Сланец 2"" К802";177
"Грот-керамика ""Сланец 3"" К803";289
"Грот-керамика ""Сланец 4"" К804";361
"Грот-керамика ""Сундук на подставке мал."" 18.1. М";137
"Грот-керамика ""Череп"" К806";84
"Грот-керамика ""Череп"" К806/1";109
Грот-керамика д/черепах средний плоский 4.3. М;273
"Грот-фон ""Египетская плитка 1"" 40*40см";1657
"Грот-фон ""Египетская плитка 2"" 40*40см";1657
"Грот-фон ""Египетская плитка 3"" 40*40см";1657
"Грот-фон ""Египетская плитка 4"" 20*40см";828
"Грунт ""DENNERLE"" 1-2мм 5кг белый 1743";972
"Грунт ""DENNERLE"" Nano Garnelenkies 0.7-1.2мм 2кг белый 5858";595
"Грунт ""EPB"" белый/коричн. 6-8мм 900г EPB257-110843";314
"Грунт ""HOBBY"" Bonalit Rot (красный) 3л 40170";305
"Грунт ""JBL"" Sansibar снежно-белый 5кг 67060";1714
"Грунт ""JBL"" Sansibar черный 5кг 67050";972
"Грунт ""PRIME"" Галька морская 0.8-3мм 2.7кг";143
"Грунт ""PRIME"" Галька морская №0 4-8мм 2.7кг";153
"Грунт ""PRIME"" Галька морская №1 8-15мм 2.7кг";153
"Грунт ""PRIME"" Галька морская №2 12-20мм 2.7кг";153
"Грунт ""PRIME"" Галька морская №3 15-25мм 2.7кг";153
"Грунт ""PRIME"" Голубой 3-5мм 2.7кг";166
"Грунт ""PRIME"" Зеленый 3-5мм 2.7кг";166
"Грунт ""PRIME"" Золотая осень 3-5мм 2.7кг";166
"Грунт ""PRIME"" Морская волна 3-5мм 2.7кг";166
"Грунт ""PRIME"" Синий 3-5мм 2.7кг";166
"Грунт ""PRIME"" Черный 3-5мм 2.7кг";166
"Грунт ""Тритон"" красный 800г";34
"Грунт ""Тритон"" красный крупный 800г";34
"Грунт ""Тритон"" мор. волна 800г";34
"Грунт ""Тритон"" мор. волна крупный 800г";34
"Грунт ""Тритон"" натур. желтый крупный 800г";34
"Грунт ""Тритон"" натур. зеленый крупный 800г";34
"Грунт ""Тритон"" натур. коричневый 800г";34
"Грунт ""Тритон"" натур. красный крупный 800г";34
"Грунт ""Тритон"" натур. оранж. крупный 800г";34
"Грунт ""Тритон"" натур. оранжевый 800г";34
"Грунт ""Тритон"" натур. смесь №10 800г";34
"Грунт ""Тритон"" натур. смесь №12 800г";34
"Грунт ""Тритон"" натур. смесь №2 800г";34
"Грунт ""Тритон"" натур. смесь №3 800г";34
"Грунт ""Тритон"" натур. смесь №6 800г";34
"Грунт ""Тритон"" натур. смесь №9 800г";34
"Грунт ""Тритон"" смесь №1 800г";34
"Грунт ""Тритон"" смесь №3 800г";34
"Грунт ""Тритон"" смесь №7 800г";34
"Грунт ""Эльф"" 1кг (морской)";55
"Грунт ""Эльф"" 1кг (темный)";45
Грунт Белый окатанный 10-20мм 6кг;388
Грунт Боттичино 1кг;36
Грунт Галька белая шлифован. 20-40мм 2кг;235
Грунт Галька желтая шлифован. 20-40мм 2кг;235
Грунт Галька зеленая шлифован. 20-40мм 2кг;235
Грунт Галька морская 0.8-3мм 10кг;505
Грунт Галька морская 10-20мм 6кг;329
Грунт Галька морская №1 8-15мм 10кг;505
Грунт Галька морская крупная №3 10-15мм 2кг;124
Грунт Галька черная шлифован. 20-40мм 2кг;235
Грунт Голубой окатанный 4-8мм 6кг;388
Грунт Гравий 3-8мм 5кг;144
Грунт Гранит орех 1кг;46
"Грунт д/террариума ""Эльф"" белый 1кг";40
"Грунт д/террариума ""Эльф"" желтый 1кг";42
"Грунт декоративный ""Эльф"" (белый кварц) 10-15мм 1кг";66
"Грунт декоративный ""Эльф"" (белый песок) 0.7-1.2мм 1кг";98
"Грунт декоративный ""Эльф"" (морской) 1кг";55
Грунт Кварц зеленый 3-4мм 5кг;609
Грунт Коралловый крупный 5-6мм 10кг 2630B-L;2532
Грунт Коралловый мелкий 1-2мм 10кг 2631C-S;2532
Грунт Коралловый средний 2-5мм 10кг 2630C-M;2532
Грунт Металлик 1кг;46
Грунт Пегматит 1кг;46
Грунт Песок кварц. вишневый 2кг;235
Грунт Песок кварц. голубой 2кг;235
Грунт Песок кварц. зеленый 2кг;235
Грунт Песок кварц. изумрудный 2кг;235
Грунт Песок кварц. оранжевый 2кг;235
Грунт Песок кварц. синий 2кг;235
Грунт Песок кварц. чёрный 2кг;235
Грунт Песок коралловый д/мор. аквар. сред. 5кг SAM025;815
Грунт Рифовый 0.25-1мм 10кг 22645;3643
Грунт Смесь №20 6кг;333
Грунт Смесь №30 6кг;333
Грунт Смесь №32 6кг;333
Грунт стекло №101 (звезды прозрачные) 12шт;62
Грунт стекло №103 (мини ракушки цветные) 12шт;52
Грунт стекло №105 (сердечки красные) 11шт;187
Грунт стекло №110 (плоский кошачий глаз черный);59
Грунт стекло №111 (плоский кошачий глаз красно-бел.);59
Грунт стекло №112 (плоский кошачий глаз бело-оранж.);59
Грунт стекло №118 (плоский кошачий глаз красный);59
Грунт стекло №119 (плоский кошачий глаз зеленый);59
Грунт стекло №12 (круглый зеленый) 50шт;54
Грунт стекло №120 (плоский кошачий глаз голубой);59
Грунт стекло №123 (плоский кошачий глаз лазурный);52
Грунт стекло №127 (плоский сиреневый);54
Грунт стекло №128 (плоский голубой);52
Грунт стекло №129 (плоский черный);52
Грунт стекло №131 (плоский голубой блестящий);52
Грунт стекло №132 (плоский янтарный блестящий);52
Грунт стекло №133 (плоский светло-зеленый);52
Грунт стекло №134 (плоский кобальтовый);52
Грунт стекло №135 (плоский зеленый);52
Грунт стекло №136 (плоский ассорти);52
Грунт стекло №137 (плоский лесная зелень);52
Грунт стекло №139 (плоский кобальтовый блест.);52
Грунт стекло №140 (плоский розовый блестящий);70
Грунт стекло №141 (плоский ассорти блестящ.);52
Грунт стекло №144 (плоский сиреневый блестящ.);57
Грунт стекло №145 (плоский красно-оранжевый);187
Грунт стекло №148 (плоский зеленое яблоко);52
Грунт стекло №150 (плоский сиреневый мелкий);87
Грунт стекло №151 (плоский голубой мелкий);87
Грунт стекло №153 (плоский розовый);54
Грунт стекло №154 (плоский прозрачный мелкий);67
Грунт стекло №155 (плоский кобальтовый мелкий);86
Грунт стекло №156 (плоский черный мелкий);64
Грунт стекло №157 (плоский янтарный мелкий);88
Грунт стекло №158 (плоский морковный);161
Грунт стекло №16 (круглый прозрачный голубой) 50шт;70
Грунт стекло №167 (плоский крупный голубой);52
Грунт стекло №168 (плоский крупный голубой блест.);49
Грунт стекло №169 (плоский крупный розовый блест.);54
Грунт стекло №17 (круглый радужный желтый) 50шт;95
Грунт стекло №170 (плоский крупный розовый);54
Грунт стекло №20 (круглый красный серебр.) 50шт;187
Грунт стекло №21 (круглый красный золотой) 50шт;187
Грунт стекло №22 (круглый кобальтовый) 50шт;71
Грунт стекло №24 (круглый мелкий черный) 100шт;72
Грунт стекло №25 (круглый мелкий синий) 100шт;72
Грунт стекло №26 (круглый мелкий розовый) 100шт;91
Грунт стекло №27 (круглый крупный крапчатый) 10шт;59
Грунт стекло №31 (круглый прозрачный оранж.) 50шт;71
Грунт стекло №33 (круглый мелкий прозрачн.) 100шт;111
Грунт стекло №34 (круглый смородиновый) 50шт;161
Грунт стекло №35 (круглый крупный зеленый) 10шт;54
Грунт стекло №36 (круглый морской) 50шт;54
Грунт стекло №37 (круглый мелкий янтарный) 100шт;91
Грунт стекло №38 (круглый мелкий оранжевый) 100шт;173
Грунт стекло №39 (круглый сиреневый) 50шт;54
Грунт стекло №45 (круглый голубой) 50шт;54
Грунт стекло №50 (круглый синий) 50шт;54
Грунт стекло №52 (палочки сиреневые);70
Грунт стекло №54 (палочки молочно-оранжевые);84
Грунт стекло №55 (палочки зеленые);70
Грунт стекло №56 (палочки синие);59
Грунт стекло №96 (морские звезды цветные) 10шт;67
Грунт стекло №97 (палочки цветные) 12шт;81
Грунт стекло №98 (снежинки цветные) 10шт;67
Грунт стекло №99 (звезды синие) 10шт;67
Грунт Хрустальные глыбки окатанные;252
"Декор ""HOBBY"" Ветка пробкового дерева 35020";998
"Декор ""HOBBY"" Пробковый остров Л";1690
"Декор ""JBL"" Motion Deco Medusa Set движущ. 60452";1220
"Декор ""JBL"" Motion Deco Medusa XL Blue движущ. 60451";1259
"Декор ""JBL"" Motion Deco Medusa XL White движущ. 60450";1259
"Декор ""Кора пробкового дерева доска"" мал.";158
"Декор ""Кора пробкового дерева труба"" бол. Н020";314
"Декор ""Кора пробкового дерева труба"" мал. Н020";215
"Декор ""Кора пробкового дерева труба"" сред. Н020";255
"Камень ""HOBBY"" Коралловый мал. 40554";336
"Камень ""Африканский нефрит"" мал. GAZ13085";488
"Камень ""Дракон"" 4-6кг S046-4-6";1201
"Камень ""Красная фиерия"" мини набор NS068";507
"Камень ""Морони"" OR-2341";134
"Камень ""Пагода"" мини набор NS048";507
"Камень ""Песчаник пещеристый желтый"" бол.";575
"Камень ""Песчаник пещеристый желтый"" сред.";309
"Камень ""Самурай"" мини набор NS063";507
"Камень ""Спагетти"" сред. GAZ13100";414
Камень декоративный бол.;420
Камень декоративный мал.;84
Камень декоративный сред.;210
Камень морской;2590
Камень морской большой;3500
Камень морской Кения большой;1426
Камень морской Кения малый;740
Камень морской Кения средний;1022
"Камень натур. ""HOBBY"" Grotten Keramik";938
"Камень натур. ""HOBBY"" Grotten Lava большой";559
Камень Розовый сланец GAZ13105;323
Камень Фавия;364
"Коралл ""Cats paw 10-12"" 25-30см 987109";2555
"Коралл ""UDeco"" Disk Coral S 30330";251
"Коралл ""UDeco"" Disk Coral М 30350";503
"Коралл ""UDeco"" Finger Coral L 30560";5032
"Коралл ""UDeco"" Finger Coral M 30550";3020
"Коралл ""Черный 20-25""";927
Коралл E-026 Желуди;735
Коралл SH-9514W белый 24*15*16см;1425
"Коралл пластик. ""Lay-Out Live Coral"" 240*150*210-мм TZ-S30B";2841
"Коралл пластик. ""Lay-Out Live Coral"" 240*170*270мм TZ-S30C";2841
"Коралл пластик. ""Lay-Out Live Coral"" 240*220*230мм TZ-S30A";2272
"Коралл пластик. ""Lay-Out Live Coral"" 260*180*220мм TZ-S30D";3367
"Коралл пластик. ""Replica Live Coral"" 120*100*90мм QFS-02B";1014
"Коралл пластик. ""Replica Live Coral"" 120*80*140мм QFS-09B";1298
"Коралл пластик. ""Replica Live Coral"" 125*120*180мм QFS-10A";1379
"Коралл пластик. ""Replica Live Coral"" 160*120*160мм QFS-11A";1826
"Коралл пластик. ""Replica Live Coral"" 160*120*160мм QFS-11B";1826
"Коралл пластик. ""Replica Live Coral"" 165*90*95мм QFS-01B";609
"Коралл пластик. ""Replica Live Coral"" 170*120*145мм QFS-06A";1298
"Коралл пластик. ""Replica Live Coral"" 170*140*155мм QFS-04A";1704
"Коралл пластик. ""Replica Live Coral"" 170*140*155мм QFS-04B";1704
"Коралл пластик. ""Replica Live Coral"" 175*140*90мм QFS-03A";1542
"Коралл пластик. ""Replica Live Coral"" 200*110*190мм QFS-13A";1947
"Коралл пластик. ""Replica Live Coral"" 200*110*190мм QFS-13B";1947
"Коралл пластик. ""Replica Live Coral"" 210*160*240мм QFS-16A";2637
"Коралл пластик. ""Replica Live Coral"" 210*160*240мм QFS-16B";2637
"Коралл пластик. ""Replica Live Coral"" 220*120*170мм QFS-05A";1298
"Коряга ""JBL"" Mangrove M 35-45см 6703200";1267
"Коряга ""JBL"" Mangrove S 15-25см 6703100";509
"Коряга ""Декси"" пласт. 778";4848
"Коряга ""Мопани"" средняя А-1818";1156
Коряга комель виноградной лозы больш. Н030;1612
Коряга мангровая средняя 30-45см;701
"Коряга пластик. ""Natural Roots"" 290*200*120мм LM-111";1125
Коряжка для аквариума и террариума Корень Азалии;609
"Медуза ""Jelly Fish"" L 10см";422
"Медуза ""Jelly Fish"" S 6см";460
"Морской желудь ""Udeco"" 5-10см 200г 31020";775
"Морской конек ""Sea Drakon"" силик.";1043
"Постер ""Цихлиды-2"" 78*53см PO-07";141
"Раковина морская ""Мело Амфора"" 30-35см";5012
"Раковина морская ""Тритон Харония"" 30-35см";5376
"Ракушки ""Тритон"" 120г (теребра турителла)";40
"Ракушки ""Тритон"" 130г (дисторсио ретикулата)";91
"Ракушки ""Тритон"" 140г (турителла дубликата)";51
"Ракушки ""Тритон"" 150г (канварус еривростомус)";127
"Ракушки ""Тритон"" 160г (анадара мацилоса)";71
"Ракушки ""Тритон"" 200г (анадара средняя)";99
"Ракушки ""Тритон"" 200г (пектен макасеренсис)";77
"Ракушки ""Тритон"" 200г (полинекс крупный)";136
"Ракушки ""Тритон"" 200г (стромбус канариум)";91
"Ракушки ""Тритон"" 200г (турителла аттенуата)";70
"Ракушки ""Тритон"" 200г (цыпрея монета)";207
"Ракушки ""Тритон"" 250г (цыпрея капутсерпентиус)";275
"Ствол-каркас д/вьющихся растений ""HAGEN"" 10мм*2м";923
"Ствол-каркас д/вьющихся растений ""HAGEN"" 15мм*2м";1607
"Ствол-каркас д/вьющихся растений ""HAGEN"" 5мм*2м";524
"Субстрат ""Exo Terra"" Forest Moss натур. спрессов. 2*7л PT-3095";425
"Субстрат ""HOBBY"" Террано (Мох)";550
"Субстрат ""Лесная подстилка"" кипарисовая щепа 8.8л";852
"Субстрат ""Осиновая подстилка для змей"" 8.8л";590
Субстрат Кокосовый (мелкая фракция);53
Трап черепаший островок;504
"Фон д/акв. ""HOBBY"" Вулканический остров 60*120см";601
"Фон д/акв. ""HOBBY"" Растения 1 30*60см";291
"Фон д/акв. ""HOBBY"" Растения 1 40*80см";364
"Фон д/акв. ""HOBBY"" Растения 5 30*60см";291
"Фон д/акв. ""HOBBY"" Растения 5 50*100см";473
"Фон д/акв. ""HOBBY"" Растения 5 50*120см";565
"Фон д/акв. ""JUWEL"" Poster 2L 100*50см двухст.";480
"Фон д/акв. ""JUWEL"" Poster 2S 60*30см двухст.";273
"Фон д/акв. ""JUWEL"" Poster 2XL 150*60см двухст.";568
"Фон д/акв. ""JUWEL"" Poster L 80-100*50см двухст.";437
"Фон д/акв. ""JUWEL"" Poster S 60*30см двухст.";304
"Фон д/акв. ""JUWEL"" Poster XL 120-150*60см двухст.";628
"Фон д/акв. ""TETRA"" DecoArt Poster Санта/Снеговик 60*45см";303
"Фон д/акв. ""Тритон"" Водная трава и камни 40см 1м 100040";99
"Фон д/акв. ""Тритон"" Красивое море 30см 1м 130030";119
"Фон д/акв. ""Тритон"" Речная картина 30см 1м 150030";119
Фон д/акв. 30см двухст. 1м;64
Фон д/акв. 30см двухст. 9003/9011 1рул/25м;1589
Фон д/акв. 30см двухст. 9003/9013 1рул/25м;1589
Фон д/акв. 30см двухст. 9033/9019 1рул/25м;1589
Фон д/акв. 30см тонкий 1м;20
Фон д/акв. 30см тонкий 9003 1рул/25м;475
Фон д/акв. 30см тонкий 9004 1рул/25м;475
Фон д/акв. 30см тонкий 9012 1рул/25м;475
Фон д/акв. 30см тонкий 9033 1рул/25м;475
Фон д/акв. 40см 9014 1м;68
Фон д/акв. 40см 9014 1рул/25м;1620
Фон д/акв. 40см двухст. 1м;65
Фон д/акв. 40см двухст. 9005/9011 1рул/25м;1620
Фон д/акв. 40см двухст. 9033/9019 1рул/25м;1620
Фон д/акв. 40см тонкий 1м;21
Фон д/акв. 40см тонкий 9011 1рул/25м;491
Фон д/акв. 40см тонкий 9012 1рул/25м;491
Фон д/акв. 40см тонкий 9019 1рул/25м;491
Фон д/акв. 40см тонкий 9033 1рул/25м;491
Фон д/акв. 41см 1м 8061;122
Фон д/акв. 50см двухст. 1м;78
Фон д/акв. 50см двухст. 9005/9011 1рул/25м;1945
Фон д/акв. 50см двухст. 9019 1рул/25м;1945
Фон д/акв. 50см тонкий 1м;22
Фон д/акв. 50см тонкий 9003 1рул/25м;543
Фон д/акв. 50см тонкий 9004 1рул/25м;543
Фон д/акв. 50см тонкий 9011 1рул/25м;543
Фон д/акв. 50см тонкий 9012 1рул/25м;543
Фон д/акв. 50см тонкий 9014 1рул/25м;543
Фон д/акв. 50см тонкий 9033 1рул/25м;543
Фон д/акв. 60см 9033 1.5м;163
Фон д/акв. 60см 9033 1рул/25м;2285
Фон д/акв. 60см двухст. 1.5м;175
Фон д/акв. 60см двухст. 11746 1.5м;319
Фон д/акв. 60см двухст. 9003 1рул/25м;2741
Фон д/акв. 60см двухст. 9011/9013 1рул/25м;2741
Фон д/акв. 60см двухст. 9012/9014 1рул/25м;2741
Фон д/акв. 60см двухст. 9013 1рул/25м;2741
Фон д/акв. 60см двухст. 9014 1рул/25м;2741
Фон д/акв. 60см двухст. 9019 1рул/25м;2741
Фон д/акв. 60см тонкий 1.5м;59
Фон д/акв. 60см тонкий 9003 1рул/25м;934
Фон д/акв. 60см тонкий 9012 1рул/25м;924
Фон д/акв. 60см тонкий 9033 1рул/25м;924
Фон д/акв. 70см двухст. 9004 1м;213
Фон д/акв. 70см двухст. 9011 1м;213
Фон д/акв. 70см двухст. 9012 1м;213
Фон д/акв. 70см двухст. 9014 1м;213
Фон д/акв. 70см двухст. 9019 1м;213
Фон д/акв. 80см двухст. 9004 1м;270
Фон д/акв. 80см двухст. 9019 1м;270
"Фон рельефный ""JUWEL"" Cliff Light 60*55см светлый";5410
"Фон рельефный ""JUWEL"" Cliff Light Terrace A";1477
"Фон рельефный ""JUWEL"" Rock-600 600*550";3310
"Фон рельефный ""JUWEL"" Root 450*450";3357
"Фон рельефный ""JUWEL"" Root 600*550";4763
"Фон рельефный ""JUWEL"" Stone clay 60*55см глина";3553
"Фон рельефный ""JUWEL"" STR-600 500*595";2237
"Фон рельефный ""JUWEL"" Терраса А 350*150см";1423
"Фон рельефный ""Амазон"" 130*60см";17447
"Фон рельефный ""Борнео"" 150*50см";15004
"Фон рельефный ""Рокки"" 120*50см";12039
"Фон рельефный ""Рокки"" 60*30см";3529
"Фон рельефный д/фильтра ""JUWEL"" Filtercover Cliff Dark";2834
"Фон рельефный д/фильтра ""JUWEL"" Filtercover Cliff Light";1666
"Фон рельефный д/фильтра ""JUWEL"" Filtercover Stone Clay";1467
"Фон рельефный д/фильтра ""JUWEL"" Filtercover Stone Granite";1666
"Фон рельефный д/фильтра ""JUWEL"" Filtercover Stone Lime";2699
"Фон рельефный д/фильтра ""JUWEL"" Рио-240 S-47";4027
"Фон рельефный д/фильтра ""JUWEL"" Рио-300/400/Тригон-350 S-55";4264
Аквариумы, террариумы;
"Аквариум ""ANUBIAS"" 200л B-850H+ 850*420*650см тик с тумбой";36513
"Аквариум ""ANUBIAS"" 210л B-1000H+ 1000*420*650мм дугов., св. 2*39W T5, тумба черн.";44750
"Аквариум ""AQUAEL"" 50 45л прямоуг. (крышка)";6841
"Аквариум ""Aqualampe"" 20л (оранж.)";8663
"Аквариум ""Aquaplasma 150"" 90л (бук) 029, 01976";61500
"Аквариум ""Aquaplasma 150"" 90л (вишня) 01977 цв.030";61500
"Аквариум ""Aquaplasma 150"" 90л (серебр.) 007, 01974";61500
"Аквариум ""Elite Corner 120"" 305л (бук) с тумбой 02585 цв.029";94600
"Аквариум ""Elite Horizon 150"" 400л (бук) 150*55*60 без тумбы";70000
"Аквариум ""Evasion 120"" 230л 0515 (вишня) 120*40*55 с тумбой (стекл.двери) 00529 цвет 030";53875
"Аквариум ""Evasion 50"" 140л (венге) 50*50*60 с тумбой 031";32375
"Аквариум ""FERPLAST"" Cayman 110 230л open серебр. 110*45*64 с тумбой TRENDY черн.";60875
"Аквариум ""FERPLAST"" Cayman 110 300л open scenic металлик с тумбой";56250
"Аквариум ""FERPLAST"" Cayman 110 300л scenic металлик с тумбой";57838
"Аквариум ""FERPLAST"" Cayman 110 300л scenic черный с тумбой TRENDY 110*55*61.5/73";57750
"Аквариум ""FERPLAST"" Cayman 80 120л extreme черный";22463
"Аквариум ""FERPLAST"" Cayman 80 150л scenic металлик с тумбой";40000
"Аквариум ""JUWEL"" Тригон-190 (190л) без тумбы т.-коричн. 98.5*70*60";24508
"Аквариум ""Marina"" 2л Betta Kit Floral";939
"Аквариум ""Marina"" 2л Betta Kit Ying/Yang";939
"Аквариум ""MP"" Aquamagic 37л 40*35см";8881
"Аквариум ""MP"" Scubabay с тумбой коричневый 661004";112750
"Аквариум ""WROMAK"" 54л Funy Fish 60 profil желтый";4435
"Аквариум ""WROMAK"" 54л Funy Fish 60 profil зеленый";4435
"Аквариум ""WROMAK"" 54л Funy Fish 60 profil красный";4435
"Аквариум ""WROMAK"" 54л Funy Fish 60 profil синий";4435
"Аквариум ""матрешка"" 11,17,22,27л 1*4";1919
"Аквариум ""матрешка"" 11,17,22л 1*3";1337
"Аквариум ""матрешка"" 17,22,27л 1*3";1549
"Аквариум ""матрешка"" 22,27,33,38л 1*4";2540
"Аквариум ""матрешка"" 27,33,38л 1*3";2029
"Аквариум ""матрешка"" 6,8,11л 1*3";881
Аквариум полусфера 25л 485*190*310мм К-Ур;810
Аквариум полусфера 34л 520*230*325мм К-Ур;991
Аквариум полусфера 39л К-Ур;1069
Аквариум полусфера 46л 560*270*345 К-Ур;1557
Аквариум полусфера 51л К-Ур;2044
Аквариум полусфера 60л К-Ур;2154
Аквариум прямоуг. без света 100л 768*320*414мм К-Ур;2753
Аквариум прямоуг. без света 44л;684
Аквариум прямоуг. без света 50л 580*255*340мм;1290
Аквариум прямоуг. без света 80л 713*300*390мм;2139
Аквариум угловой 13л К-Ур;238
Аквариум угловой 17л К-Ур;311
Аквариум угловой 24л К-Ур;438
Аквариум угловой 30л К-Ур;548
Аквариум угловой 38л К-Ур;694
Аквариум угловой 48л К-Ур;877
Аквариум угловой 60л 440*440*450мм с пласт. светом К-Ур;6091
Аквариум угловой 60л К-Ур;1539
Аквариум угловой 80л К-Ур;2175
"Отсадник д/рыб ""HAGEN"" 2 в 1 А-931, А-10902";488
"Отсадник д/рыб ""HAGEN"" 4 в 1 А-10936";767
"Отсадник д/рыб ""JBL"" N-Box сетчатый 2л 6150200";561
"Поледариум ""FERPLAST"" Jamaica 60 серебр.";6454
Террариум 1.3л В7023/410100;253
Террариум 2.7л В410200;308
Террариум д/черепах В430400;886
Террариум д/черепах В460100;1427
Террариум д/черепах малый В-7064/430100;341
Террариум д/черепах с плотиком 48л;1022
Террариум д/черепах угл. с плотиком 46л;944
Террариум д/черепах угл. с плотиком 55л;1022
"Терраса ""HOBBY"" 3-D-Terrace 40х12 см 32031";725
"Тумба под аквар. ""FERPLAST"" Cayman 80 Scenic черная Trendy 66008417";17250
"Тумба под аквар. ""JUWEL"" Вижин-260 260 SB (бук)";12376
"Тумба под аквар. ""JUWEL"" Лидо-200 (т-коричн.)";9859
"Тумба под аквар. ""JUWEL"" Рекорд-96 закр. 96SB";6300
"Тумба под аквар. ""JUWEL"" Рио-300 125 SB (черная)";13738
"Тумба под аквар. ""JUWEL"" Тригон-190 (бук)";12553
Тумба под аквар. 100л К-Ур стекл. двери (77*33см);3921
Тумба под аквар. 200л 1000*400 черная (стекл.двери);6289
Тумба под аквар. полусфера 104л 825*375 (стекл.двери);4379
Тумба под аквар. полусфера 240л 1200*400 черная (дерев.двери);6650
;
;
;
;
;
